,date,location,title,content
0,2018-01-01 15:00,고령군,[여행의 향기] 보령머드·안동탈춤 등 '글로벌 축제 육성',"




// flash 오류를 우회하기 위한 함수 추가
function _flash_removeCallback() {}

문화체육관광부 선정 2018 문화관광축제41개 축제 홍보·컨설팅·예산지원 대표 축제에 화천산천어 등 3개""관광콘텐츠로 지역균형 발전""[ 최병일 기자  ] 문화체육관광부가 올해 전국에서 열리는 41개 지역축제를 2018년 문화관광축제로 선정하고 홍보와 컨설팅, 예산지원에 나선다.충남 보령머드축제글로벌 육성과 대표, 최우수, 우수, 유망 등 5개 등급으로 나뉘는 문화관광축제는 문체부가 지역에서 열리는 특색 있는 축제를 관광자원으로 개발하기 위해 1995년부터 매년 시행하는 지역축제 개최지원 프로그램이다. 전문가심사와 현장심사 등 평가 등급에 따라 축제당 8000만원부터 3억5000만원까지 60여억원을 지원한다.최고 등급인 글로벌 육성 축제에는 보령머드축제와 안동국제탈춤축제, 진주남강유등축제에 이어 김제지평선축제가 올해 새롭게 선정됐다. 매년 9월 전북 김제 벽골제 일원에서 열리는 김제지평선축제는 지난해까지 5년 연속 대표 축제에 뽑혀 올해 글로벌 육성 축제에 선정됐다.대표 축제에는 강원 화천군의 얼음나라화천산천어축제와 전북 무주군의 무주반딧불축제, 경기 가평군의 자라섬국제재즈페스티벌 등 3개 행사가 선정됐다. 지난해까지 최우수 축제 등급을 받은 무주반딧불축제와 자라섬재즈페스티벌이 올해는 이보다 한 단계 높은 대표 축제에 이름을 올렸다.7개 행사를 선정하는 최우수 축제에는 강진청자축제와 산청한방약초축제, 이천쌀문화축제 등이 뽑혔다. 가산 이효석 선생의 단편소설 ‘메밀꽃 필 무렵’의 배경지인 봉평 문화마을 일원에서 매년 9월 열리는 평창효석문화제가 처음으로 최우수 축제 등급을 받았다.제주들불축제와 통영한산대첩축제, 보성다향대축제, 고령대가야체험축제 등 10개는 우수 축제에 선정됐다. 괴산고추축제와 수원화성문화제, 인천펜타포트음악축제, 목포항구축제 등 21개는 유망 축제 등급을 받아 정부로부터 홍보와 컨설팅, 예산을 지원받는다.올해는 신규 행사의 문화관광축제 진입장벽을 낮추기 위해 육성 축제 등급을 신설했다. 경북 청송군의 청송도깨비사과축제, 횡성한우축제, 영덕대게축제, 파주장단콩축제, 함양산삼축제, 강릉커피축제 등 그동안 문화관광축제 지원 대상에서 배제됐던 지역 특산물을 테마로 한 행사가 대거 포함됐다. 육성 축제에 선정된 40개 행사는 올해 별도의 예산 지원은 하지 않고 홍보와 컨설팅 등 축제를 지역 관광자원으로 키우기 위한 지원 프로그램을 시행한다.권영섭 문체부 국내관광진흥과장은 “지역축제가 다양한 특색을 지닌 관광콘텐츠로 지역 균형 발전을 견인할 수 있도록 올해 상반기 빅데이터 기반의 새로운 축제 평가기준과 글로벌 축제 지원방안 등 현행 문화관광축제 지원제도 전반을 정비해 나갈 계획”이라고 말했다.최병일 여행·레저전문기자 skycbi@hankyung.com[한경닷컴 바로가기] [글방] [모바일한경 구독신청] ⓒ 한국경제 & hankyung.com, 무단전재 및 재배포 금지
	
"
1,2018-01-01 00:03,고령군,[역경의 열매] 최일도 <22> 첫 해외사역 ‘중국 다일공동체’와 훈춘시 어린이집,"




// flash 오류를 우회하기 위한 함수 추가
function _flash_removeCallback() {}

중국 지린성 훈춘시에 있는 다일학습문화원에서 다일어린이집 개원 10주년과 학습문화원 개원을 축하하는 참석자들.중국 다일공동체와 두만강 옆 훈춘시의 어린이집은 1997년 1월 중국 옌볜에서 길 잃은 한 아이와의 만남이 계기가 돼 세워졌다. 다일공동체의 첫 번째 해외사역이지만 실제로는 북한사역의 연장선이라 할 수 있다. ‘밥짓는 시인 퍼주는 사랑’의 인세로 받은 3억원을 헌금해 1억5000만원은 경기도 가평군 설악면에 다일영성생활 수련원을 세웠다. 나머지 절반은 유진벨재단을 통해 북한 동포들에게 결핵퇴치를 위한 의약품과 결핵 이동검진 차량을 보냈다. 먹을 것을 찾아 목숨 걸고 두만강을 건너는 아이들을 위해 쌀과 기초물품이 담긴 다일생명키트를 만들었다. 그리고 그걸 두만강 주변에 놓아두는 사역을 시작했다. 그때 중국 훈춘시의 공식 요청으로 민정국과 함께 조선족 및 한족의 고아를 돕기 위한 다일 어린이집을 설립하기로 합의했다. 훈춘시에서 태어난 고아들은 고아원이 없어 각 촌에 있는 경로당에서 자라고 있었다. 중국 다일공동체의 가족이 된 아이들 한명 한명의 사연은 처절한 아픔 그 자체다. 어린 나이에 견디기 힘든 상처들을 가슴에 안고 있던 그들이 너무 맑고 밝게 잘 자라 줬다. 공동체 가족들은 중국 아이들의 가족이 되어 사랑과 정성으로 돌보며 만 20년을 함께 살았다. 고아원에서 나와 사회로 진출한 자녀들은 ‘다일 애심회’를 만들어 ‘사단법인 중국 다일공동체’를 준비하고 있다. 그들이 결혼해서 가정을 이루고, 직장을 다니면서 건강한 삶을 살아가고 있음이 너무도 감사하다. 그들 가운데 한국과 캄보디아, 네팔 다일공동체의 일원으로  다일 가족들의 동역자가 된 이들도 있다. 모두가 곳곳에서 각자 역할을 성실하게 감당하며 살아가고 있음은 주님의 놀라운 은총이다. 20년 넘게 다일의 홍보대사로 활약하고 있는 탤런트 박상원 형제는 훈춘 다일 어린이집에 박상원 도서관을 설립하기도 했다. 아이들이 다양한 책을 접하고 꿈을 꾸도록 도왔다. 계명대는 훈춘시에 계명동산 음악원을 세워 악기 연주를 가르쳐 줬으며, 지역사회에 문화 예술 보급을 위해 최선을 다했다. 지금도 그곳 아이들은 훈춘시 민정국이 월급을 주는 중국 측 원장은 원장님이라 부르지만 한국에서 파송한 원장들에게는 ‘엄마’ 또는 ‘아버지’라고 부른다. 덕분에 나는 ‘큰아버지’가 됐다. 70명의 중국인 자녀들은 지금 대학생과 공무원, 직장인으로 곳곳에서 다일 정신을 실천하고 있다. 지난해 8월 28일, 훈춘시 민정국에서 이양식을 마련했다. 만 20년 동안의 수고와 희생에 감사하다며 감사패를 전달하는 시간을 가졌다. 19세 미만의 아이들과 헤어지는 것은 눈물 나고 아쉬웠지만, 중국 정부가 이제 스스로 어린이집을 운영할 수 있는 때가 됐다는 생각에 감사함으로 이양식을 치렀다. 많은 분들이 어떻게 그렇게 흐뭇하게 이양식을 하고, 다 넘겨주고 빈손으로 올 수 있느냐고 물었다. 우린 처음부터 그럴 생각이었기에 마땅하고 옳은 일이라고 여긴다. 현재 여러 나라에 세워진 다일공동체 분원들 역시 세워진 지 50년이 되기 전에 반드시 현지인을 책임자로 정하고 모든 권한을 깨끗하게 넘겨줄 계획이다. 사명을 실현할 수 있는 또 다른 곳으로 떠나는 것이 우리의 목적이고 하나님의 계획이라 믿고 실천하고 있기 때문이다. 이미 중국 사회 곳곳에 흩어진 우리 자녀들은 한국에 오면 언제나 다일공동체와 큰아버지를 찾는다. 그들을 위해 여전히 한 가정이 중국에 남아 사랑으로 양육하고 있다. 천하보다 귀한 한 생명이 부디 아름답게 성숙하고, 그로 인해 다양성 안에서 일치와, 일치 안에서 다양성이 존중되는 중국이 되기를 간절히 바란다.정리=이사야 기자 Isaiah@kmib.co.kr[미션라이프 홈페이지 바로가기]"
2,2018-01-01 15:00,고령군,[여행의 향기] 보령머드·안동탈춤 등 '글로벌 축제 육성',"




// flash 오류를 우회하기 위한 함수 추가
function _flash_removeCallback() {}

문화체육관광부 선정 2018 문화관광축제41개 축제 홍보·컨설팅·예산지원 대표 축제에 화천산천어 등 3개""관광콘텐츠로 지역균형 발전""[ 최병일 기자  ] 문화체육관광부가 올해 전국에서 열리는 41개 지역축제를 2018년 문화관광축제로 선정하고 홍보와 컨설팅, 예산지원에 나선다.충남 보령머드축제글로벌 육성과 대표, 최우수, 우수, 유망 등 5개 등급으로 나뉘는 문화관광축제는 문체부가 지역에서 열리는 특색 있는 축제를 관광자원으로 개발하기 위해 1995년부터 매년 시행하는 지역축제 개최지원 프로그램이다. 전문가심사와 현장심사 등 평가 등급에 따라 축제당 8000만원부터 3억5000만원까지 60여억원을 지원한다.최고 등급인 글로벌 육성 축제에는 보령머드축제와 안동국제탈춤축제, 진주남강유등축제에 이어 김제지평선축제가 올해 새롭게 선정됐다. 매년 9월 전북 김제 벽골제 일원에서 열리는 김제지평선축제는 지난해까지 5년 연속 대표 축제에 뽑혀 올해 글로벌 육성 축제에 선정됐다.대표 축제에는 강원 화천군의 얼음나라화천산천어축제와 전북 무주군의 무주반딧불축제, 경기 가평군의 자라섬국제재즈페스티벌 등 3개 행사가 선정됐다. 지난해까지 최우수 축제 등급을 받은 무주반딧불축제와 자라섬재즈페스티벌이 올해는 이보다 한 단계 높은 대표 축제에 이름을 올렸다.7개 행사를 선정하는 최우수 축제에는 강진청자축제와 산청한방약초축제, 이천쌀문화축제 등이 뽑혔다. 가산 이효석 선생의 단편소설 ‘메밀꽃 필 무렵’의 배경지인 봉평 문화마을 일원에서 매년 9월 열리는 평창효석문화제가 처음으로 최우수 축제 등급을 받았다.제주들불축제와 통영한산대첩축제, 보성다향대축제, 고령대가야체험축제 등 10개는 우수 축제에 선정됐다. 괴산고추축제와 수원화성문화제, 인천펜타포트음악축제, 목포항구축제 등 21개는 유망 축제 등급을 받아 정부로부터 홍보와 컨설팅, 예산을 지원받는다.올해는 신규 행사의 문화관광축제 진입장벽을 낮추기 위해 육성 축제 등급을 신설했다. 경북 청송군의 청송도깨비사과축제, 횡성한우축제, 영덕대게축제, 파주장단콩축제, 함양산삼축제, 강릉커피축제 등 그동안 문화관광축제 지원 대상에서 배제됐던 지역 특산물을 테마로 한 행사가 대거 포함됐다. 육성 축제에 선정된 40개 행사는 올해 별도의 예산 지원은 하지 않고 홍보와 컨설팅 등 축제를 지역 관광자원으로 키우기 위한 지원 프로그램을 시행한다.권영섭 문체부 국내관광진흥과장은 “지역축제가 다양한 특색을 지닌 관광콘텐츠로 지역 균형 발전을 견인할 수 있도록 올해 상반기 빅데이터 기반의 새로운 축제 평가기준과 글로벌 축제 지원방안 등 현행 문화관광축제 지원제도 전반을 정비해 나갈 계획”이라고 말했다.최병일 여행·레저전문기자 skycbi@hankyung.com[한경닷컴 바로가기] [글방] [모바일한경 구독신청] ⓒ 한국경제 & hankyung.com, 무단전재 및 재배포 금지
	
"
3,2018-01-01 00:03,고령군,[역경의 열매] 최일도 <22> 첫 해외사역 ‘중국 다일공동체’와 훈춘시 어린이집,"




// flash 오류를 우회하기 위한 함수 추가
function _flash_removeCallback() {}

중국 지린성 훈춘시에 있는 다일학습문화원에서 다일어린이집 개원 10주년과 학습문화원 개원을 축하하는 참석자들.중국 다일공동체와 두만강 옆 훈춘시의 어린이집은 1997년 1월 중국 옌볜에서 길 잃은 한 아이와의 만남이 계기가 돼 세워졌다. 다일공동체의 첫 번째 해외사역이지만 실제로는 북한사역의 연장선이라 할 수 있다. ‘밥짓는 시인 퍼주는 사랑’의 인세로 받은 3억원을 헌금해 1억5000만원은 경기도 가평군 설악면에 다일영성생활 수련원을 세웠다. 나머지 절반은 유진벨재단을 통해 북한 동포들에게 결핵퇴치를 위한 의약품과 결핵 이동검진 차량을 보냈다. 먹을 것을 찾아 목숨 걸고 두만강을 건너는 아이들을 위해 쌀과 기초물품이 담긴 다일생명키트를 만들었다. 그리고 그걸 두만강 주변에 놓아두는 사역을 시작했다. 그때 중국 훈춘시의 공식 요청으로 민정국과 함께 조선족 및 한족의 고아를 돕기 위한 다일 어린이집을 설립하기로 합의했다. 훈춘시에서 태어난 고아들은 고아원이 없어 각 촌에 있는 경로당에서 자라고 있었다. 중국 다일공동체의 가족이 된 아이들 한명 한명의 사연은 처절한 아픔 그 자체다. 어린 나이에 견디기 힘든 상처들을 가슴에 안고 있던 그들이 너무 맑고 밝게 잘 자라 줬다. 공동체 가족들은 중국 아이들의 가족이 되어 사랑과 정성으로 돌보며 만 20년을 함께 살았다. 고아원에서 나와 사회로 진출한 자녀들은 ‘다일 애심회’를 만들어 ‘사단법인 중국 다일공동체’를 준비하고 있다. 그들이 결혼해서 가정을 이루고, 직장을 다니면서 건강한 삶을 살아가고 있음이 너무도 감사하다. 그들 가운데 한국과 캄보디아, 네팔 다일공동체의 일원으로  다일 가족들의 동역자가 된 이들도 있다. 모두가 곳곳에서 각자 역할을 성실하게 감당하며 살아가고 있음은 주님의 놀라운 은총이다. 20년 넘게 다일의 홍보대사로 활약하고 있는 탤런트 박상원 형제는 훈춘 다일 어린이집에 박상원 도서관을 설립하기도 했다. 아이들이 다양한 책을 접하고 꿈을 꾸도록 도왔다. 계명대는 훈춘시에 계명동산 음악원을 세워 악기 연주를 가르쳐 줬으며, 지역사회에 문화 예술 보급을 위해 최선을 다했다. 지금도 그곳 아이들은 훈춘시 민정국이 월급을 주는 중국 측 원장은 원장님이라 부르지만 한국에서 파송한 원장들에게는 ‘엄마’ 또는 ‘아버지’라고 부른다. 덕분에 나는 ‘큰아버지’가 됐다. 70명의 중국인 자녀들은 지금 대학생과 공무원, 직장인으로 곳곳에서 다일 정신을 실천하고 있다. 지난해 8월 28일, 훈춘시 민정국에서 이양식을 마련했다. 만 20년 동안의 수고와 희생에 감사하다며 감사패를 전달하는 시간을 가졌다. 19세 미만의 아이들과 헤어지는 것은 눈물 나고 아쉬웠지만, 중국 정부가 이제 스스로 어린이집을 운영할 수 있는 때가 됐다는 생각에 감사함으로 이양식을 치렀다. 많은 분들이 어떻게 그렇게 흐뭇하게 이양식을 하고, 다 넘겨주고 빈손으로 올 수 있느냐고 물었다. 우린 처음부터 그럴 생각이었기에 마땅하고 옳은 일이라고 여긴다. 현재 여러 나라에 세워진 다일공동체 분원들 역시 세워진 지 50년이 되기 전에 반드시 현지인을 책임자로 정하고 모든 권한을 깨끗하게 넘겨줄 계획이다. 사명을 실현할 수 있는 또 다른 곳으로 떠나는 것이 우리의 목적이고 하나님의 계획이라 믿고 실천하고 있기 때문이다. 이미 중국 사회 곳곳에 흩어진 우리 자녀들은 한국에 오면 언제나 다일공동체와 큰아버지를 찾는다. 그들을 위해 여전히 한 가정이 중국에 남아 사랑으로 양육하고 있다. 천하보다 귀한 한 생명이 부디 아름답게 성숙하고, 그로 인해 다양성 안에서 일치와, 일치 안에서 다양성이 존중되는 중국이 되기를 간절히 바란다.정리=이사야 기자 Isaiah@kmib.co.kr[미션라이프 홈페이지 바로가기]"
4,2018-01-01 22:39,고령군,UAE 원전 수출 질문에 MB “이면계약은 없었다”,"




// flash 오류를 우회하기 위한 함수 추가
function _flash_removeCallback() {}

ㆍ임종석 실장 특사 의혹엔 “내가 말하면 폭로여서 말 못해”이명박 전 대통령(사진)은 1일 재임 시절 아랍에미리트(UAE) 원전 수출과 관련해 “이면계약은 없었다”고 밝혔다.이 전 대통령은 이날 서울 강남구 논현동 자택에서 열린 신년하례회에서 기자들을 만나 이같이 말했다. 임종석 대통령비서실장이 UAE 특사로 파견된 이유에 대해선 “급한 일이 있으니 간 것이겠지. 내가 이야기하면 폭로여서 이야기할 수 없다”며 “문재인 정부가 정신을 차리고 수습한다고 하니 잘 정리될 것”이라고 말했다. 원전 수주 이면계약으로 거론된 우리나라와 UAE의 국방 분야 협력에 대해선 “알지 못한다”고 했다. 하례회에는 친이명박계 인사 60여명이 총집결했다. 이 전 대통령은 오전 동작구 국립서울현충원을 참배한 뒤 “내가 말을 하지 않는 것이 국가에 도움이 될 것”이라고 했다.여권에선 이 전 대통령이 UAE 원전을 수주하면서 이면계약을 맺은 것이 문제의 시발점이었다는 말이 나온다. 박근혜 정부 때 이면계약이 틀어지면서 UAE와 관계가 악화되자 현 정부에서 수습을 위해 임 실장을 파견했다는 것이다. 당초 임 실장 UAE 방문을 현 정부 스캔들로 쟁점화하려 했던 자유한국당도 오히려 이면계약 의혹이 부각되자 퇴로를 모색하는 분위기다. 김성태 원내대표는 “전임 정권의 UAE 원전 수주가 자신들의 대한민국 탈원전 정책의 당위성 확보에 가장 큰 걸림돌이 됐기 때문에 계약 과정과 진행 과정을 들여다보다가 발각이 돼 (불거진) 사건”이라는 보수언론 보도를 되풀이했다.<강병한 기자  silverman@kyunghyang.com>▶ 경향신문 SNS [트위터] [페이스북] ▶ [인기 무료만화 보기]©경향신문(www.khan.co.kr), 무단전재 및 재배포 금지

"
5,2018-01-01 22:37,고령군,"""집 파느니 증여""...잇단 규제에 매매 줄어","



동영상 뉴스




// flash 오류를 우회하기 위한 함수 추가
function _flash_removeCallback() {}

	
	정부의 강력한 부동산 시장 규제로 지난해 주택 매매거래는 전년보다 감소한 반면 증여 건수는 증가한 것으로 나타났습니다. 국토교통부와 한국감정원이 공개한 지난해 1∼11월 전국의 주택 매매거래량은 총 87만5천4백여 건으로 2016년 같은 기간보다 9% 넘게 감소했습니다.새 정부 들어 6·19대책, 8·2대책 등 잇단 대출·세금 강화 정책으로 매도자는 주택 매도 시기를 늦추고, 매수자는 집값 하락 기대로 관망하면서 거래가 줄어든 것입니다.반면 주택 증여 건수는 지난해 역대 최대치를 경신할 것으로 보입니다.작년 11월까지 누적 증여 건수는 총 7만9천364건으로 2016년 같은 기간보다 11.3% 증가했습니다.이처럼 증여거래가 증가 추세를 보이는 것은 최근 집값 상승세가 지속하면서 자녀에게 전세나 대출을 끼고 집을 사주는 '부담부 증여'가 늘고 있기 때문으로 보입니다.또 집값 상승기에 절세 목적으로 상속에 앞서 사전 증여를 하는 경우가 많아지면서 증여 건수가 증가 추세를 보이고 있습니다.강남구의 한 중개업소 사장은 양도세 중과를 피하려고 주택 수를 줄이는 차원에 자녀에 증여를 고려하는 다주택자들이 있다면서 다주택자들이 상당수 버티기에 들어가면, 앞으로 증여 건수는 더 늘어날 것이라고 말했습니다.▶2018년 나의 신년 운세 보기▶동영상 뉴스 모아보기 ▶YTN과 친구가 되어주세요[저작권자(c) YTN & YTN PLUS 무단전재 및 재배포 금지]
	
"
6,2018-01-01 21:46,고령군, 이명박 “UAE 원전 이면계약 없었다” ,"




// flash 오류를 우회하기 위한 함수 추가
function _flash_removeCallback() {}

	
	 [한겨레] 자택 신년하례회서 이면계약설 부인이명박 전 대통령은 1일 자신의 재임 시절 아랍에미리트(UAE) 원전 수출과 관련해 “이면계약은 없었다”고 밝혔다. 이 전 대통령은 이날 서울 강남구 논현동 자택에서 열린 신년하례회 자리에서 이렇게 밝혔다고 참석자들이 전했다. 이어 임종석 대통령 비서실장의 아랍에미리트 특사 파견 논란에 대해선 “내가 이야기하면 폭로여서 이야기할 수 없다. 문재인 정부가 정신을 차리고 수습한다고 하니 잘 정리될 것”이라고 했고, 한국과 아랍에미리트의 국방 분야 협력에 대해선 “알지 못한다”고 말했다. 정치권에서는 이명박 정부의 원전 수출 당시 ‘군사협력 강화’, ‘핵폐기물 국내 반입’ 등의 이면계약을 맺었다는 의혹이 제기된 바 있다. 이 전 대통령은 앞서 국립서울현충원 참배 때 기자들과 만나 “(임 실장의 아랍에미리트 방문 논란에 대해) 내가 이야기하지 않는 것이 국가에 도움이 될 것”이라고 말했다.  정유경 기자 edge@hani.co.kr  ▶ 한겨레 절친이 되어 주세요! [신문구독] [사람과 동물을 잇다 : 애니멀피플] [카카오톡][ⓒ한겨레신문 : 무단전재 및 재배포 금지]

"
7,2018-01-01 21:25,고령군,새해 첫 아기는 ‘마음이와 꽃돌이’,"




// flash 오류를 우회하기 위한 함수 추가
function _flash_removeCallback() {}

2018년 무술년(戊戌年) 새해를 여는 첫 아기가 서울 강남구 강남차병원에서 태어났다. 차의과대학교 차병원은 1일 0시0분 강남차병원에서 새해 첫 아이가 탄생했다고 밝혔다. 복도 하나를 사이에 두고 분만실과 수술실에서 두 산모가 거의 동시에 아이를 낳았다. 분만실에서는 ‘마음이’라는 태명을 가진 3.43㎏의 남자아이가 자연분만으로 태어났다(사진). 마음이는 대기실의 가족들이 타종소리를 듣던 바로 그 시간 건강하게 세상 빛을 봤다. 마음이 엄마 장혜라(31)씨는 “기다렸던 아이가 건강하게 태어나줘서 대견하고 참 기쁘다”며 “무술년 황금 개띠의 해에 첫날 처음으로 태어난 만큼 밝고 건강하게 자랐으면 좋겠다”고 말했다. 아빠 김선호(29)씨도 “2018년 첫 아기를 낳아서 더욱 기쁘고 세상을 다 얻은 것 같다”며 소감을 전했다. 같은 시간 복도 너머 수술실에서는 꽃돌이라는 예명을 가진 2.93㎏의 남자아이가 태어났다. 꽃돌이 엄마 김효정(39)씨는 “뒤늦게 첫째 아이를 가졌지만 2018년 새해 첫 출발을 아이와 함께할 수 있어 정말 기쁘다”고 말했다. 아빠 한석헌씨도 “꽃돌이를 누구보다 건강하고 똑똑한 아기로 키우겠다”고 밝혔다. 이택현 기자 alley@kmib.co.kr[카카오 친구맺기] [페이스북][취재대행소 왱!(클릭)]GoodNews paper ⓒ 국민일보(www.kmib.co.kr), 무단전재 및 재배포금지

"
8,2018-01-01 20:44,고령군,‘특활비 수수’ 박근혜 곧 추가 기소,"




// flash 오류를 우회하기 위한 함수 추가
function _flash_removeCallback() {}

사진=뉴시스檢, 공소장 작성 들어가화이트리스트 관련은 뺄 듯국가정보원 특수활동비 상납 사건을 수사 중인 검찰이 박근혜 전 대통령을 추가 기소하기 위해 공소장 작성에 들어갔다.  1일 검찰에 따르면 서울중앙지검 특수3부(부장검사 양석조)는 박 전 대통령을 이달 초 추가 기소키로 하고 막바지 준비 중이다. 박 전 대통령은 지난 22일 검찰의 소환 통보에 불응한 데 이어 26일 서울구치소 방문조사에서도 진술을 거부했다. 검찰은 직접 조사를 더 이상 시도해봐야 실익이 없다고 보고 기소를 준비해 왔다. 검찰은 여러 혐의 중 특정범죄가중처벌법상 뇌물 혐의만 우선 기소할 계획이다. 추가 조사가 필요한 조윤선 전 청와대 정무수석 등과 일괄 기소하기보다 박 전 대통령만 우선 재판에 넘길 것으로 보인다. 검찰 관계자는 “국정원 뇌물 사건의 경우 상당 부분 진척됐기 때문에 정리를 하고 가려 한다”고 말했다. 박 전 대통령은 취임 직후인 2013년 5월부터 2016년 7월까지 당시 국정원장 3명으로부터 매달 5000만원에서 2억원씩 총 40억여원의 특수활동비를 상납 받은 혐의를 받고 있다. 공여자의 진술과 관련 증거를 확보했기 때문에 혐의가 충분히 입증됐다는 게 검찰의 판단이다. 이번에 추가 기소될 공소사실에서 화이트리스트 관여 부분 등은 제외될 것으로 보인다. 검찰은 김기춘 전 청와대 비서실장 등 공범을 보강 조사한 뒤 관련자들을 순차적으로 기소할 방침이다. 검찰은 박 전 대통령이 2016년 최순실씨의 청탁을 받아 서울 강남구 내곡동 헌인마을이 뉴스테이 사업지구로 선정되도록 안종범 당시 경제수석을 통해 국토교통부를 압박했다는 의혹에 대해서도 기소를 검토하고 있다.신훈 기자 zorba@kmib.co.kr[카카오 친구맺기] [페이스북][취재대행소 왱!(클릭)]GoodNews paper ⓒ 국민일보(www.kmib.co.kr), 무단전재 및 재배포금지

"
9,2018-01-01 20:33,고령군,[취재] 찰칵! 렌즈가 마음의 문을 열다,"




// flash 오류를 우회하기 위한 함수 추가
function _flash_removeCallback() {}

치유의 사진, 렌즈가 상처받은 마음을 열고 '찰칵'고현주씨 소년원 청소년 사진강의“문제가 없는데 문제아라고 낙인사진이 마음의 빨간약말문 열리니 스스로 희망 찾아가” 임종진씨 광주 5·18 유공자 사진치유“끔찍한 그때 그 현장 찾아 기억 회복사진 행위로 상처 마주하며자기 생의 의미 인정하도록 도와” 백승휴씨 포토테라피스트로 자처“강의 전 참석자들 얼굴 각각 찍어화면 띄워 놓고 자기 얼굴 보며제3자로 일대일 대화, 유체이탈 경험” 　민진근씨 빨간 구두 곁에 두고 찍어“신고 싶었으나 신을 수 없었던 꿈용기 없어 스스로 갇힌 틀 벗고내가 스무살이고 구두가 된 듯 몰입”사진이 발명되고 공표된 1839년 이후 채 10년 정도가 지났을 때 사람들은 이미 사진에서  치유의 기능을 확인하고 있었다. 세상을 뜬 망자(특히 아이들)를 찍는 사진이 미국과 유럽에서 크게 유행했다. 당시 디프테리아, 티푸스, 콜레라 같은 전염병이 창궐하여 수천 명의 어린 아이들이 목숨을 잃었고 아이들의 죽음은 거의 일상적인 상황이었다. 사진을 찍는 비용이 아직 고가였기 때문에 아이들이 살아있을 때 사진을 찍어 두는 것은 엄두도 못 낼 일이었고 세상을 뜨면 마지막으로 아이를 위해 큰 비용을 지급하고 사진을 찍었던 것이다. 아이를 위해 돈을 쓴다고는 하지만 마치 잠자는 것처럼 죽어있는 아이 사진을 보면서 사별의 아픔을 달래고 위로받는 것은 살아남은 사람들이다.   많은 사람들이 사진에서 치유를 발견한다. 인물이든 꽃이든 풍경이든 본인들이 사진을 찍는 과정에서, 그리고 본인들이 찍은 사진을 보면서 어떤 위안이나 기쁨이나 사색을 느끼게 된다면 그것이 곧 스스로 치유하는 것이다. 어떤 이는 그 과정에서 치유가 발생한다는 것을 자각하지 못할 수도 있겠지만 많은 사진가들이 사진을 찍고 보는 활동에서 의도적으로 치유를 도입하거나 끌어내려고 한다. 사진찍기가 일상이 된 현대사회에서 사적이든 사회적이든 사진활동에 치유를 전개하고 있는 사례들을 모았다.  　  윤정 작가는 5년간 763명을 만나 글과 사진 인터뷰를 했고 그중 300명을 추려 2017년 12월에 사진에세이집 <묻다>를 펴냈다. 100명에게 꿈을, 다른 100명에겐 사랑을, 또 다른 100명에겐 죽음에 대해 각각 질문을 던지고 돌아온 답을 모은 이 책엔 300명의 사연과 사진이 들어있다. 꿈과 사랑과 죽음에 대해 이야기하고 있는 이 300명은 때로는 밝게 웃고 또 때로는 심각해지거나 눈물을 짓는다. 작가의 카메라 앞에서 (나이가 많든 적든) 자신을 돌이켜보는 시간을 갖게 되었다는 점에서 윤정 작가의 <묻다>는 어느 정도 치유의 기능을 하고 있는 것이다. 　  사진가 고현주씨는 2009년부터 소년원과 보호관찰소에서 청소년을 대상으로 사진강의를 했다. 매주 한 시간씩 4년간 강의를 했고 아이들이 찍은 사진으로 사진전시를 열었다. 현재 제주도에 머물고 있는 고씨와 전화로 인터뷰했다. 고씨는 사진강의에 대해 “나와 같이 사진공부를 했던 청소년들은 사회에서 ‘문제아’, ‘부적응자’로 불린다. 그러나 같이 공부하다 보니 문제가 없는 아이들인데 왜 문제아라고 표현할까? 이 친구들 사진을 보면서 미묘하게 뒤섞인 따뜻함이 축복처럼 가슴 속으로 퍼졌다. 이 친구들의 사진이 내 마음의 빨간약이 아닐까 생각도 해봤다. 나도 그들에게 많이 배웠다”라고 말했다.  ""그 좁은 공간에서 늘 새로운 것 찾아내""사진교육을 하면 찍는 시간이 필수적이다. 그런데 소년원이란 공간은 교실과 정원과 운동장밖에 없었다는 것이다. 뭘 찍을까 싶었는데 그 제한적인 공간에서 늘 아이들은 새로운 것을 찾아냈다고 한다. 　구체적인 교육의 방식에 대해 고씨는 “시를 읽게 한 다음 사진을 찍게 하는 경우도 있었다. 카메라 작동법 정도는 이야기하고 나머지는 아이들이 찾아나갔다. 여러 기법들 중에 본인들이 좋아하는 것을 본인들이 발견했고 점차 실험적인 사진도 시도해나가더라. 사진전을 하게 되었을 때도 대부분 아이들이 좋아하는 쪽으로 선택했다”고 설명했다. 가장 궁금한 것은 사진교육과 전시를 통해 아이들에게 생긴 변화다. 사진교육이라고 사진이론만 이야기하는 것은 아닌 것이고 사진을 통해서 다른 여러 가지 대화가 오갔다고 고씨가 말했다. 사진 수업으로 마음을 연 아이들은 자신의 아픈 상처를 조금씩 드러내고 사진을 통해 스스로의 마음을 털어놓는 것이다. 이야기를 들어주고 따뜻하게 안아주면서 가까워졌다. 전시할 때 아이들이 많이 감격해 했고 울기도 했다. 자신의 이름이 붙은 작품이 액자로 만들어져 걸렸으니 자존감이 높아지게 된 것이다. “나도 할 수 있구나”라는 마음이 생기면 그 다음부턴 본인들이 희망을 찾아간다. 　고씨는 2012년에 그 사진 강의  내용을 다룬 책 <꿈꾸는 카메라>를 펴냈다. 절판이 되었다가 2017년 5월에 같은 제목으로 재출간되었다. 책이 출판되고 난 6월에 제주시에 있는 김만덕기념관에서 고현주의 북콘서트 <꿈꾸는 카메라>가 열렸다. 박재동 만화가, 곽노현 전교육감, 김민웅 성공회대 교수가 함께 참여한 이 행사에서 고씨는“가정과 학교, 그리고 세상에서 상처를 받아 마음을 닫은 아이들이었다. 카메라가 그 닫힌 문을 열어주었다.”라고 말했다.""함께한 시간 궤적 깊고 커 더 감동""　  달팽이 사진골방과 사진치유기관 ‘공감 아이’의 대표인 임종진씨는 지난 2013년 가을부터 2년 동안 매주 광주를 오가며 사진치유프로그램 1기 과정을 열었고 뒤를 이어 2015년 9월부터 2017년 7월까지 사진치유 프로그램 2기를 진행했다. 프로그램에 참여하여 사진을 배웠으며 그 사진으로 전시를 하고 책도 내게 된 1기 9명과 2기 7명은 한 가지 공통점이 있다. 모두 5·18민주화운동의 유공자이자 동시에 피해자다. 2기 7명의 사진은 지난 2016년에 서울에서 치유사진전으로 공개되었고 2017년 11월에 ‘오월광주치유사진집-기억의 회복 2’로 묶어서 나왔다.　 ‘741기의 무덤 앞에서 묵념하고 딱 한 차례씩만 찍어 그 이미지들을 한꺼번에 모아 하나의 이미지로 만든 곽희성씨의 사진, 80년 공수부대원에게 잡혀 심하게 구타를 당했던 그 현장을 36년 만에 처음 가봤다는 박갑수씨의 사진, 당시 자췻집에서 계엄군에게 붙들려 끌려가던 골목길을 찍은 서정열씨의 사진, 도청에서 손발이 뒤로 묶인 채 가슴으로 기어서 피칠갑이 된 계단의 현장을 찍은 양동남씨의 사진, 11년 동안 병원에 입원해 있다가 퇴원해 “고맙고 미안한” 두 아들을 찍은 이무헌씨의 사진, 지속적으로 고문을 당했던 505보안대를 찍은 이성전씨의 사진, 현재 5 18 관련 사적지를 관리하는 일을 하면서 구타당하거나 고문당하는 조각상을 찍은 이행용씨의 사진 등이 책에 포함되어있다. 　임씨는 “대면의 도구인 ‘사진행위’를 통해 자신에게 내재한 상처의 기억들과 마주하면서 스스로 자기의 생이 지닌 의미를 인정하도록 조력하는 역할을 했다. 이 사진집에 실린 모든 치유와 회복의 형상들을 보면서 더욱 가슴 찡한 감동을 얻는 이유는 아마도 함께 한 시간들의 궤적이 너무 깊고도 크게 내 기억에 담겨있기 때문인지도 모르겠다”라고 말했다. 　부산외대 이광수 교수는 책의 추천사에서 “그 과정의 방점은 사진 이미지에 있지 않고 기억의 회복에 있다. 그래서 그 사진들을 보는 우리는 여느 사진전에서와 같이 출력된 사진 이미지를 보는 게 아니고 그들이 과거를 대면하고 그것을 직시하며 그로부터 트라우마를 극복해나가는 과정을 함께 공감해보는 것이 좋다. 그들이 보여주는 사진들이 자신들의 그 극복 과정을 어떻게 보여주는가를 헤아려 보는 것도 그들의 아픔을 공감하는 좋은 일이 될 것 같다”라고 말했다.　탈북청소년· 요양원 찾아가 봉사  포토테라피스트 백승휴씨를 2017년 12월 29일 홍대 앞 카페에서 만나 인터뷰를 했다. 백씨는 멘토단과 함께 2017년에 16주 동안 탈북청소년의 대안 학교인 ‘다음학교’ 청소년 30명에게 사진을 가르쳤다. 이 결과물로 2017년 12월 13일 국회의원회관 메인로비에서 ‘탈북청소년, 우리도 사진작가’ 사진전이 열렸다. 백씨는 “사진은 ‘낯섦’을 카메라에 담는 작업이기도 한데 탈북학생들은 한국 사회에서 여러 가지가 낯설기 때문에 타고난 사진작가가 될 수 있다”며 “사진을 통해 주위는 물론 자신을 새롭게 보게 되고 자연스럽게 닫혔던 마음을 열게 된다”고 설명했다. 백씨가 사진강의를 할 때 가장 중요하게 생각하는 것은 자존을 높이는 평가다. 백씨는 “누가 뭘 찍어왔다고 하자. 사진은 마음의 표현이다. 나는 그 꽃 사진에서 감동을 받고 사진을 찍은 학생에게 엄청난 에너지와 포스가 있다고 말해준다. 그리고 각각 사진을 보면서 떠오르는 단어를 하나씩 말하게 한다. ‘어머니, 고향, 낯섦, 생뚱맞음’ 이런 단어들이 나온다. 그걸 붙들고 다시 대화를 이어간다. 사진은 도구이며 메인이 아니다. 사진이야기를 하면 다음 말이 잘 나온다”라고 말했다. 　 백씨는 성북구 평생학습관과 강남구 여성능력개발센터에서 사진을 가르치고 있는데 그 수강생 제자들로 구성된 포토테라피 봉사단을 이끌고 있다. 봉사단원들과 함께 두 달에 한 번꼴로 요양원이나 데이케어센터에서 봉사활동을 하고 있는 백씨는 “치유의 결정판은 ‘내가 누군가에게 뭘 줬다’라는 성취감이다. 제자들은 자신들이 사진을 찍으면서도 치유가 되었지만 요양원의 어른신들과 먼저 말벗이 되어주고 그 다음에 예쁘게 화장하고 사진을 찍어 건네주면서 기쁨을 느낀다”라고 말했다. 　 백씨는 “취업이 잘된다고” 막연히 전자공학과에 입학했으나 전혀 적성이 맞지 않았고 그냥 사진 찍는 것이 좋았다. 친지들의 결혼식, 회갑잔치 같은 것을 찍으며 아르바이트를 했는데 꽤 수입이 좋았다고 한다. 군에 입대했는데 사진병으로 차출이 되었다. 졸업하고 진로를 고민하다가 “내가 가장 좋아하고 재미를 느끼는 일을 하자”라고 결정하고 스튜디오를 개업했다. 그러다가 백화점 문화센터에 수필을 배우러 갔는데 동료 수강생의 대부분 중년여성들이었다. 사진을 찍어주었더니 자신들의 얼굴사진을 보며 대단히 좋아하더라. 그렇게 한 6개월이 지나니 놀랍게도 그들이 예뻐지더란다. 백씨는 그때 “이게 바로 포토테라피가 아닐까?”라고 깨달음이 왔다고 했다. 　그는 35살에 대학원에서 사진을 전공했다. 졸업 논문이 <중년여성의 포트레이트 사진촬영이 그들의 웰빙에 미치는 영향에 대한 연구>였다. 백씨는 “나는 사진을 찍을 때 노는 것처럼 한다. 나는 카메라를 들면 그 사람을 행복하게 만들 수 있다. 한때 나의 꿈이 연예인사진가였다. 그러나 연예인을 찍는 사진가는 일반인을 찍을 수 없다는 것을 곧 깨달았다. 연예인 사진은 완벽히 세팅이 되어 있기 때문이다. 나는 일반인을 아무것도 꾸미지 않는 상태에서 아르답게 찍을 수 있다. 할머니든 누구든 내가 그 사람을 사랑하면 되는 것이다. 메이크업은 사람을 설레게 한다. (연예인이 아니라면) 사람들은 누구나 자기 주변에서 자기가 가장 예쁘다고 생각한다. 착각이지만 그게 보편적인 삶이다. 실제로 사람들은 모두 아름답다”라고 말했다. 　백씨는 통섭을 해야 한다고 판단하여 이번엔 메이크업 박사과정에 입학했다. 백씨는 “메이크업 박사과정을 연구한다는 것은 얼굴에 뭘 칠하는 것을 배우는 것이 아니다. 메이크업이 주는 영향에 대한 연구, 여성이 외모를 바꾸기 위한 욕구는 어디서 오는가, 어디까지가 화장이고 시술이고 성형인가, 화장은 인간의 삶에 어떤 영향을 주는가…. 이런 것들을 연구했다. 거기엔 미용실 원장들같이 센 사람들이 왔는데 다섯 학기를 당당히 잘 버티고 수료한 상태다”라고 했다. 　 백씨는 포토테라피를 사업에 접목시켜 3년 전부터 기업체와 기관 등을 대상으로 찾아가는 ‘포토플레이’를 운영하고 있다. 백씨는 포토플레이를 이렇게 설명했다. “예를 들어 한 은행에서 ‘우수고객 초청 포토아카데미’를 열었다. 참석자들이 강연장에 하나씩 둘씩 나타나면 바로 세팅된 곳으로 모시고 와서 사진부터 찍는다. 30명을 모두 찍고 나면 파일을 팀원에게 넘기고 강연을 시작한다. 20분 정도 지나면 좀 전에 찍은 인물 사진을 하나씩 스크린에 띄우고 당사자에게 말을 건넨다. 3인칭을 쓰라고 권유하면서 ‘그는 어떠한가?’라고 묻는다. 당사자가 자신의 얼굴을 보면서 ‘그는 수줍다’라고 말하는 순간 유체이탈이 일어나는 경험을 하면서 빠져든다. 내가 다시 묻는다. ‘왜 그는 수줍은가?’ 이제 스멀스멀 자기 내면의 이야기가 나온다. ‘어머 내가 왜 이런 이야기를 하고 있지?’라고 하면서도 이야길 곧잘 한다. 중요한 것은 타산지석이다. 다른 참가자들이 모두 이 대화를 듣고 있는 것이다. 이렇게 30명과의 1:1 토크가 끝나고 나면 그 사이에 인화해둔 30명의 얼굴사진이 전시된 곳으로 이동하여 관람한다. 진지하다. 어떤 명화 감상보다 더. 스크린에서 본 사진과 인화된 사진은 천지차이다. 자기 사진을 보고 다른 사진으로 이동하면 뒤에서 소리가 들려온다. ‘야 이 사람 예쁘다’ 거기서 험담하는 사람 없다. 긍정적인 멘트를 하는 프레임이 짜여 있다. ‘내가 부정적으로 말하면 분명히 다른 사람도 부정적으로 할거야’라고 다들 생각한다. 끝나고 나면 각자 액자에 든 자기 사진을 선물로 받아서 돌아가는데 만족도가 대단히 높다. 거기에 참석하는 우수고객들은 평잔이 30억이 넘는 사람들이라서 어떤 선물, 어떤 강의, 어떤 음악회에 쉽게 만족을 느끼지 않는데 자신의 사진에 푹 빠져들면서 치유도 되는 경험을 한다”  딸 ""엄마라는 액자에서 걸어나와""　  산과 길과 한강변 등에 빨간 구두를 내려놓고 찍은 사진들로 사진집을 만든 민진근씨의 사진전 ‘소울(疏鬱)여행’이 6일부터 12일까지 서울 성동구 왕십리광장로에 있는 갤러리허브에서 열린다. 갤러리허브는 지하철 왕십리역 6-1번 출구로 나와서 엘리베이터를 타고 4층으로 가면 찾을 수 있다. 개막식이 6일 오후 3시에 잡혀있고 작가는 늘 전시장에서 관객과 만날 준비를 하고 있다고 한다. 소울은 ‘답답한 마음을 풀어헤침’이란 뜻을 가진 낱말이다.  같은 이름의 사진집은 도서출판 아지트에서 나왔다. 민진근 작가의 첫 개인전과 사진집이다. 지난달 26일 한겨레신문사에서 민씨를 만나 책과 전시 이야기를 들었다. 　그는 2001년에 필름카메라로 처음 사진을 찍기 시작했다고 한다. 사는 동네가 영등포라서 주변 동네들인 문래동, 양평동, 당산동 등을 찍었고 그게 재미있었다. 민씨의 사진은 사회적인 아카이브 작업과 개인 감성을 담아내는 두 가지로 나뉜다. 사진아카이브연구소가 주도해서 진행하고 있는 아카이브작업에 3년째 참가하고 있다. 　이번 전시와 사진집 ‘소울여행’은 개인적인 작업이다. 2014년부터 찍었다. ‘무채색 렌즈클럽’이란 곳과 그룹전을 했던 시기였고 무엇을 찍을지를 고민하기 시작했었는데 다들 풍경을 찾아다녔지만 그에겐 풍경이 와닿지가 않았고 즐겁지도 않았다. 생각 끝에 자신의 속을 찍기로 했다. 민씨는 “속이란 것은 내가 편한 것이다. 종교가 불교라서 절에 가면 맘이 편하다. 산도 편하다. 내가 어렸을 때 추억하던 곳에 가면 좋았다. 그냥 찍어서는 내가 편안함을 느끼지 못할 것 같았다. 사진 속에 내가 있어야 했다. 그래서 빨간 구두가 등장했다. 빨간 구두란 것은 내가 신고 싶었으나 신을 수 없었던 물건이다. 나의 꿈이었다. 내가 뭘 하고 싶은데 못한다는 것은 남의 이목 때문이다. 용기가 없었다. 그랬기 때문에 예쁘고 화려하고 섹시한 것을 오히려 거부하고 살아왔다. 내가 스스로 갇힌 틀이 있었던 것이다. 어느날 신발장을 열었는데 딸의 빨간 구두가 딱 있었다. 구두도 부러웠고 딸도 부러웠다. 사회적으로 여자가 너무 나서거나 잘되면 남자 앞길을 망친다는 그런 보수적인 관념 속에 살아왔던 것 같다”라고 말했다. 민씨는 딸 아이의 구두를 들고나가서 사진을 찍기 시작했다. 너무 좋았고 몰입이 되었다고 한다. “빨간 구두가 내가 된 것 같고 내가 스무 살이 된 것 같고 내가 구두가 되었다. 빨간 구두를 신고 꿈을 꾸는 것 같다.” 민씨는 빨간 구두를 ‘얘’라고 불렀다. “얘에다 나를 투사시켜서 찍다 보니…. 사진이란 게 참 자신을 돌보는 게 많다 싶었다. 공부를 하다가 서강대에서 심리학을 배우게 되었는데 뇌 신경심리, 생물심리, 성격심리, 건강심리 학습 심리도 들었는데 정서가 궁금했다. 거기에서 나 자신을 보게 된 것이다. 그때 많이 아팠는데 검사를 해도 병원에선 스트레스와 과로라곤 하고 아무 이상이 없다고 했다. 그 2014년에 딸아이가 영국으로 유학을 가고 아들은 군대에 가게 되었다. 아들도 걱정이 되었지만 딸은 먼 나라로 가니 내가 무슨 일이 있어도 뛰어갈 수도 없고…. 너무너무 불안하더라. 잘 있을까? 애들이 없으면 내 맘대로 뭘 할 수 있을 것이라고 생각했으나 그게 아니더라”라는 민씨에게 빨간 구두가 치유의 대상이자 도구가 된 것이다. 　첫 해에는 구두에 제대로 초점도 못 맞추고 어딘가에 살짝 숨기거나 일부만 나오게 했었다. 사진집의 33쪽의 사진 속에선 빨간 구두가 넘어진 채 포개져 있다. “그때부터 사진이 달라졌다. 똑바로 밖에 못 놨던 구두를 넘어뜨려도 괜찮더라. 그때부터 나 자신을 찾기 시작한 것이다. 인문학공부도 병행했다. 유마경, 장자, 중용, 논어, 도덕경, 사마천의 사기, 에밀 이런 책을 읽었다. 그 책들이 다 나를 보고 얘기하는 것 같았다. ‘너는 어떻게 살아왔고 앞으로 어떻게 살아야 되는지’ 나의 틀에서 빠져나오기 시작한 것이다. 구두를 삐딱하게 놓으면서 ‘조금 삐딱하게 살아도 되는구나’라고 느꼈다.” 민씨는 2014년의 그룹전에 빨간 구도 사진 몇 장을 걸었다. 빨간 구두에 공감하는 관객들의 연령층이 다양했다고 한다. 사진을 보면서 한 남성 관객이 직장에서 자기 꿈을 이루지 못하고 매여 사는 답답함을 토로했다. 요즘도 카메라를 들고 다니는 날엔 꼭 빨간 구두를 가방에 넣고 다닌다는 민씨는 “이번 전시가 끝나고 나면 다른 작업을 할 생각이다. 빨강은 가져가고 구두는 내려놓으려고 한다”라고 말했다. 엄마의 빨간 구두 사진을 본 딸 윤다솜씨는 이렇게 말했다고 한다. “그녀(엄마)가 처음 내 구두를 몰래 들고 나갔을 때를 기억한다. 워낙 내 물건에 대한 소유욕이나 결벽이 없어서 별로 개의치 않았다. 사실은 그녀가 빨간 구두를 손에 쥔 이유를 난 처음부터 알았기 때문이다. 그녀는 자유롭고 싶어 했다. 아이러니하게, 나는 그녀를 자유롭게 만들고 싶었지만 동시에 날개를 꺾는 이었다. 내가 유일하게 줄 수 있는 건 신다 처박아둔 빨간 구두였다. 대단하다. 마흔이 넘어서 새로운 것에 도전해서가 아니라 스스로 빨간 구두를 신고 엄마라는 액자 속에서 걸어 나왔기에. 나는 그녀가 빨간 구두를 신은 채 새로운 여행길에 오르길 바란다.” 곽윤섭 선임기자 kwak1027@hani.co.kr사진/작가 제공　
곽윤섭 한겨레 전문기자 kwak1027@hani.co.kr
현 <한겨레> 사진전문기자
2005년부터 한겨레문화센터에서 '사진 클리닉' 강좌 및 <한겨레> 사진 상담 코너 운영
<나의 첫번째 사진책-즐거운 출사를 위한> <나의 두번째 사진책-프레임 구성의 달인되기> 등 저술
다른기사 보기 곽윤섭의 사진마을 바로가기


"
10,2018-01-01 23:14,고령군,"갓난아기 태운 구급차, 신호위반으로  음주운전 차량과 충돌","




// flash 오류를 우회하기 위한 함수 추가
function _flash_removeCallback() {}

	
	[헤럴드경제=이슈섹션] 1일 오전 1시 55분께 서울 송파구 올림픽대교 남단 사거리에서 생후 2개월 된 아기를 태우고 병원으로 이동하던 사설 구급차가 신호위반을 해 음주 운전 차량과 부딪혀 넘어졌다. [사진=연합뉴스]소방 당국과 경찰에 따르면 충북대병원에서 서울아산병원으로 향하던 사설 구급차가 올림픽대교 남단 사거리에서 올림픽대교 방향으로 직진하던 중 지하철 8호선 강동구청역에서 몽촌토성역 방향으로 직진하던 스포츠유틸리티차량(SUV)과 충돌했다.이 사고로 구급차에 타고 있던 김모(37)씨와 아내 방모(35)씨, 딸(1), 간호사 이모(54·여)씨가 다쳐 인근 병원에 이송됐다. 이들은 모두 전치 3주 미만의 가벼운상처를 입어 생명에는 지장이 없는 것으로 알려졌다.경찰 조사 결과 구급차 운전자 김모(41)씨가 신호를 위반해 주행하다가 오른쪽 도로에서 달려오던 김모(50)씨의 SUV와 부딪친 것으로 드러났다. 사고 당시 SUV 운전자는 혈중알코올농도가 면허 취소수준인 0.117%로 조사됐다.경찰은 구급차 운전자를 교통사고처리 특례법 위반, SUV 운전자를 도로교통법 위반(음주 운전) 혐의로 각각 불구속 입건해 사고 경위 등을 조사했다.119구급차는 무료이지만 화재·사고 등 응급상황에서만 이용할 수 있어서 김씨 부부 사례처럼 아기를 큰 병원으로 옮기는 등 병원 간 이동을 할 때는 돈을 내고 사설 구급차를 불러야 한다.현행 도로교통법에 따라 119구급차와 사설 구급차 모두 ‘긴급자동차’로 분류돼 신호위반이나 속도 제한 단속을 받지 않지만, 사고가 났을 때는 면책 규정이 따로 없는 교통사고처리 특례법에 따라 처벌을 받게 된다.onlinenews@heraldcorp.com▶ 옆집 아들은 이거 사줬단다~이건 효도 그뤠잇!▶헤럴드경제 채널 설정하기 ▶카카오플러스 친구맺기 - Copyrights ⓒ 헤럴드경제 & heraldbiz.com, 무단 전재 및 재배포 금지 -
	
"
11,2018-01-01 23:09,고령군,발달장애인 택배 ‘희망을 나른다’,"




// flash 오류를 우회하기 위한 함수 추가
function _flash_removeCallback() {}

서울시, 노원구 사업 확대 / 1인·2인 1조로 배달·수거 업무 / 비장애인과 업무서 큰 차이 없어 / 노원·강서구 등 247명 직업 가져 / 사회성·자신감 길러… 일석이조“다음에는 물건 더 많이 가지고 오세요.”지난달 29일 서울 노원구 중계 제1공단에 마련된 택배 하역장에서 허은정(28·여)씨가 택배차 문을 닫으며 소리쳤다. 그는 물건을 싣고 온 CJ대한통운 직원에게 “물건이 많아야 고객들한테 더 많은 선물을 건네줄 수 있다”고 아쉬워했다. 허씨에게 택배는 물건이 아니라 고객에게 전달하는 ‘선물’이었다. 허씨와 동료 22명은 택배차에 담긴 ‘선물’ 339개를 30여분 만에 차에서 빼내 동별로 분류했다.“안나는 세 동도 배달할 수 있어.” 강안나(44·여)씨는 허씨가 물건을 전달할 동을 지정해 주자 배달을 더 하겠다며 나섰다. 강씨는 “택배를 받아 기뻐하는 모습을 보면 기분이 좋다”며 자신의 키만큼 택배 상자가 쌓인 수레를 끌고 나섰다. 강씨는 배달할 집에 도착해 초인종을 눌러 “택배 왔습니다”라고 외치며 물건을 전달했다. 지난달 29일 서울 노원구 중계 제1공단의 택배 하역장에서 노원구립 장애인일자리센터 소속 발달장애인들이 택배를 동별로 분류하고 있다.매주 월요일부터 토요일까지 4년 넘게 중계동 아파트 25개동 5000여가구에 택배를 배달해온 이들은 노원구립 장애인일자리센터 소속 발달장애인이다. 받은 물건을 분류해 배달하는 그들은 업무에서 비장애인과 큰 차이가 없었다. 일주일에 1∼2번 택배를 배달받는 강영은(30·여)씨는 “항상 집까지 방문해 밝은 목소리로 ‘택배 왔습니다’라고 외치는 이들이 비장애인 택배기사보다 훨씬 친절하다”며 “처음에는 말이 어눌해 조금 걱정했지만 지금까지 한 번도 물건이 바뀌거나 훼손된 적이 없어서 믿음이 간다”고 말했다. 서울시는 노원구립 장애인일자리센터의 성과를 토대로 이달 중으로 금천구와 노원구 3곳에 ‘발달장애인 택배일자리’사업을 확대 실시한다고 1일 밝혔다.2013년 11월 시작한 발달장애인 택배일자리는 움직이기 좋아하는 발달장애인의 행동 특성에 적합한 일자리로, 발달장애인 1인 또는 2인 1조로 택배를 배달·수거하는 사업이다. 지난해 11월 개소한 강서구와 강동구·송파구까지 포함하면 서울시내 247명의 발달장애인이 택배일자리를 통해 직업을 갖게 된다. 택배일자리 사업을 처음 제안한 이재환 노원구립 장애인일자리센터장은 “일자리가 최고의 복지”라고 설명했다. 그는 “일을 하는 장애인들은 자연스럽게 비장애인들과 접촉하면서 사회성을 기르고, 맡은 역할을 수행하면서 자존감과 자신감을 갖게 된다”고 말했다. 이곳에서 일하는 발달장애인들은 40만∼90만원의 월급을 받으면서 일하고 있다. 업무 성과를 인정받아 올해부터 ‘대리’로 승진한 허씨는 택배기사로 일하면서 내성적이던 성격이 씩씩하고 활발하게 변했다. 허씨는 “‘수고했다’는 말 들을 때 가장 힘이 난다”며 “한결같은 마음으로 정성껏 물건을 배달하겠다”고 새해 포부를 밝혔다. 이 센터장은 “사업 초기에는 ‘장애인이 배달하는 택배를 받기 싫다’고 항의하는 주민이 있었다”며 “조금만 참고 배려해 주면 장애인도 비장애인처럼 일할 수 있는 분야가 많아서 올해는 보다 많은 발달장애인이 비장애인과 함께 일할 수 있으면 좋겠다”고 희망했다.글·사진=이창훈 기자 corazon@segye.comⓒ 세상을 보는 눈, 글로벌 미디어 세계일보

"
12,2018-01-01 22:35,고령군,"신생아 태운 구급차, 신호위반으로 음주운전 차량과 충돌","




// flash 오류를 우회하기 위한 함수 추가
function _flash_removeCallback() {}

[서울경제] 1일 오전 1시 55분께 서울 송파구 올림픽대교 남단 사거리에서 생후 2개월 된 아기를 태우고 병원으로 이동하던 사설 구급차가 신호위반을 해 음주 운전 차량과 부딪혀 넘어졌다.소방 당국과 경찰에 따르면 충북대병원에서 서울아산병원으로 향하던 사설 구급차가 올림픽대교 남단 사거리에서 올림픽대교 방향으로 직진하던 중 지하철 8호선 강동구청역에서 몽촌토성역 방향으로 직진하던 스포츠유틸리티차량(SUV)과 충돌했다.이 사고로 구급차에 타고 있던 김모(37)씨와 아내 방모(35)씨, 딸(1), 간호사 이모(54·여)씨가 다쳐 인근 병원에 이송됐다. 이들은 모두 전치 3주 미만의 가벼운 상처를 입어 생명에는 지장이 없는 것으로 알려졌다.경찰 조사 결과 구급차 운전자 김모(41)씨가 신호를 위반해 주행하다가 오른쪽 도로에서 달려오던 김모(50)씨의 SUV와 부딪친 것으로 드러났다. 사고 당시 SUV 운전자는 혈중알코올농도가 면허 취소수준인 0.117%로 조사됐다.경찰은 구급차 운전자를 교통사고처리 특례법 위반, SUV 운전자를 도로교통법 위반(음주 운전) 혐의로 각각 불구속 입건해 사고 경위 등을 조사했다.119구급차는 무료이지만 화재·사고 등 응급상황에서만 이용할 수 있어서 김씨 부부 사례처럼 아기를 큰 병원으로 옮기는 등 병원 간 이동을 할 때는 돈을 내고 사설 구급차를 불러야 한다. 현행 도로교통법에 따라 119구급차와 사설 구급차 모두 ‘긴급자동차’로 분류돼 신호위반이나 속도 제한 단속을 받지 않지만, 사고가 났을 때는 면책 규정이 따로 없는 교통사고처리 특례법에 따라 처벌을 받게 된다.[사진=서울 송파소방서 제공/연합뉴스]/전종선기자 jjs7377@sedaily.com[서울경제 바로가기]이제 주식시세도 서울경제에서 확인하세요 [바로가기▶]서울경제의 모든 연재물!... 서경Cube [바로가기▶]저작권자 ⓒ 서울경제, 무단 전재 및 재배포 금지
	
"
13,2018-01-01 21:04,고령군,'파느니 증여' 다주택자의 선택…보유세 인상 본격 검토,"



동영상 뉴스




// flash 오류를 우회하기 위한 함수 추가
function _flash_removeCallback() {}

	
	[앵커]지난해 부동산 대책이 발표되고 시장은 어땠을까요? 다주택자들이 매물을 내놓을지 큰 관심이었습니다. 하지만, 버티기 조짐이 뚜렷해 보입니다. 자녀에게 주택을 미리 증여해 규제나 세금을 피하려는 사람들이 늘었습니다.이태경 기자입니다.[기자]5900가구가 동시에 재건축에 들어가는 서울 강동구의 한 아파트입니다.90% 넘는 가구가 다른 곳으로 이주한 이곳에서는 재건축 아파트를 이미 자녀에게 넘긴 이들이 많습니다.투기과열지구로 지정된 후 집을 사겠다는 사람이 줄고, 다주택자에 양도세를 더 물리는 제도도 올 4월부터 시행되면서 집을 파는 대신 자녀에게 집을 물려준 다주택자가 늘어난 겁니다.[인근 중개업소 관계자 : 아무래도 양도세 내고 파느니 증여쪽으로 많이 돌긴 하죠.]이런 영향에 지난해 전국의 주택 증여 건수는 2016년보다 10% 이상 늘었습니다.특히 전세나 대출을 끼고 집을 여러 채 산 '갭 투자자' 중에 규제를 피하기 위한 탈출구로 증여를 택하는 이가 많습니다.반면 주택거래량은 9% 가량 줄었습니다.이같은 다주택자의 버티기 조짐에 정부는 보유세 인상을 본격 검토하기로 했습니다. 경제협력개발기구, OECD에 따르면 지난해 한국의 보유세 수준은 31개 회원국 중 16위로 평균보다 낮습니다.정부는 이달내 대통령 직속 특위를 만들어 보유세 개편 논의에 들어갈 예정입니다.(영상디자인 : 이창환 조승우)이태경(lee.taekyong@jtbc.co.kr)[영상취재: 김준택 / 영상편집: 김동준]▶ 라이브 시청은 유튜브로, 제보는 뉴스룸으로!▶ 스토리, 라이브, 비하인드! JTBC 소셜스토리Copyright by JTBC(http://jtbc.joins.com) and JTBC Content Hub Co., Ltd. All Rights Reserved. 무단 전재 및 재배포 금지
	
"
14,2018-01-01 19:27,고령군,"신생아 이송 구급차, 음주차량과 충돌해 전복","




// flash 오류를 우회하기 위한 함수 추가
function _flash_removeCallback() {}

올림픽대교 남단서… 4명 부상 / 만취 운전자 등 2명 불구속입건새해 첫날 신생아를 병원으로 옮기던 구급차가 만취한 운전자가 몰던 차량과 부딪쳐 전복되면서 4명이 다쳤다.1일 오전 1시55분쯤 충북대학병원에서 아산병원으로 향하던 사설 구급차가 올림픽대교 남단 사거리에서 올림픽대교 방향으로 직진하던 중 지하철 8호선 강동구청역에서 몽촌토성역 방향으로 직진하던 액티온 스포츠유틸리티차량(SUV)과 충돌했다.송파소방서 제공이 사고로 구급차에 타고 있던 김모(37)씨와 방모(35·여)씨, 1세 여아와 간호사 이모(54·여)씨가 다쳐 인근 병원으로 옮겨졌다. 모두 생명에는 지장이 없는 것으로 알려졌다.목격자에 따르면 구급차는 옆으로 쓰러진 상태로 주변에는 구급차에서 떨어진 것으로 보이는 의료용품들이 널브러져 있었다. 또 액티온 차량 앞부분은 충돌에 의한 충격으로 형체를 알아보기 힘들 정도로 찌그러진 상태였다.사고 당시 액티온 운전자 A(50)씨는 혈중알코올농도가 0.117로 면허취소 수준이었던 것으로 조사됐다. 사설 구급차 운전자 B(41)씨는 신호를 위반한 것으로 확인됐다.서울 송파경찰서는 A씨를 도로교통법 위반(음주 운전), B씨를 교통사고처리 특례법 위반 혐의로 불구속 입건했다.김범수 기자ⓒ 세상을 보는 눈, 글로벌 미디어 세계일보

"
15,2018-01-01 19:10,고령군,분양시장 흥행몰이 올해도 이어갈까,"




// flash 오류를 우회하기 위한 함수 추가
function _flash_removeCallback() {}

5년간 평균물량보다 36%↑과천.위례.성남.송도 등 수도권 분양 늘어 기대감재건축.재개발 비중도 41%.. 최근 5년새 물량 '최고치'                     올해 신규 분양 물량이 지난 5년 평균보다 36% 많은 41만여 가구로 예정된 가운데 지난해 만큼 흥행할 수 있을지에 업계가 주목하고 있다. 연초 관망 분위기와 함께 대출규제 강화 등으로 시장 침체가 우려되지만 청약성적이 좋은 수도권 물량이 늘었다는 점은 기대감을 높이는 부분이다. 상대적으로 인프라가 갖춰진 재개발.재건축 물량 비중이 전체 41%로 최근 5년새 최고 수준이라 '알짜 단지'는 여전히 높은 인기를 모을 얻으로 보인다.■2018년 민영아파트전국 41만여 가구 분양1일 부동산114에 따르면 올해 전국적으로 민영아파트는 총 409개 사업장에서 41만7786가구가 분양할 예정이다. 지난해 황금연휴, 조기대선, 부동산규제 등으로 건설사들이 분양일정에 잦은 혼란을 겪으면서 예정 물량을 소화하지 못해 올해로 이월됐기 때문이다.이에 지난해는 당초 계획에 비해 다소 적은 물량이 공급됐고 올해는 예상과 달리 많은 물량이 계획으로 잡혔다. 실제 올해는 지난 2013년부터 2017년 최든 5년 평균 분양실적인 30만7774가구에 비해 약 36% 많은 아파트가 분양할 예정이다. 이는 분양시장 최대 호황기였던 2015년 43만4384가구와 비슷한 수준이다.다만 일부에서는 공급과잉, 미분양 리스크가 이미 나타나고 있는 데다가 중도금 대출규제, 신DTI 적용, 금리인상 등으로 수요도 위축돼 있어 건설사들이 일정대로 올해 분양 일정을 소화할 수 있을지 우려의 목소리도 나온다.부동산114 리서치센터 이현수 연구원은 ""지난해에도 지역별로 청약결과에 희비가 엇갈렸고 지역 내에서도 사업장의 위치에 따라 청약결과가 상이하다""먼서 ""올해 분양예정 물량이 많은 가운데 지역별, 입지, 개발호재 여부 등에 따라 청약결과가 갈리는 청약 양극화는 지속될 전망""이라고 말했다.■택지지구, 재개발.재건축 등 알짜 물량 많아지역별로 보면 올해 수도권에서 23만5430가구, 지방은 18만2356가구가 분양을 앞두고 있다. 수도권은 전반적으로 물량이 증가했고 지방은 부산에 물량이 몰려있다.특히 수도권에서는 선호 주거지로 꼽히는 과천시 분양예정 물량이 가장 많다. 지난해 하반기 분양 예정이었던 과천 주공아파트 재건축, 과천지식정보타운 분양이 미뤄졌기 때문이다.수도권 택지지구의 분양도 많이 예정돼 있다. 서울 접근성이 좋고 개발호재가 있는 위례신도시, 성남고등지구, 송도국제도시 등이다. 경기 위례신도시에서는 '위례신도시우미린(A3-4)' 877가구, '위례신도시힐스테이트(A3-3a)' 1078가구 등이 분양한다. 성남시 고등지구 '성남고등자이' 383가구, 과천시 '과천지식정보타운S4블록' 679가구 등도 주목하는 단지다. 인천 송도국제도시에서는 '송도국제도시대방노블랜드(B1)' 580가구, '힐스테이트레이크3차(A14)' 1137가구 등이 분양을 준비 중이다.아울러 재개발.재건축 아파트 비율도 역대 가장높은 41%를 기록할 전망이다. 재개발.재건축 아파트는 신도시 택지지구에 비해 이미 잘 갖춰진 인프라가 강점이다.서울은 공급되는 아파트 대부분이 재개발.재건축 일반분양이다. 강남구 일원동 '개포주공8단지' 1996가구, 강동구 상일동 '고덕주공6단지자이 1824가구 등이 분양할 예정이다.wonder@fnnews.com 정상희 기자     ▶ 세상의 모든 골 때리는 이야기 'fn파스'▶ 속보이는 연예뉴스 fn스타  ※ 저작권자 ⓒ  파이낸셜뉴스. 무단 전재-재배포 금지
	
"
16,2018-01-01 21:31,고령군,"‘생활의 달인’ 강릉 찹쌀떡의 달인, 대박 비법은?···‘참순찰떡방’","




// flash 오류를 우회하기 위한 함수 추가
function _flash_removeCallback() {}

[서울경제] ‘생활의 달인’ 강릉 찹쌀떡의 달인이 화제로 떠올랐다.1일 방송된 SBS ‘생활의 달인’에서는 강릉 찹쌀떡의 달인, 김영순 (57세/경력 34년)이 소개됐다.이날 제작진이 찾아간 달인의 찹쌀떡은 쌀가루기 아닌 밥을 으깨어 만들어 남다른 쫄깃함을 자랑했다.달인의 찹쌀떡은 현미경으로 보면 밥알의 입자가 살아있어 끈적거리지 않고 술술 넘어간다고 한다.달인은 쌀을 배춧잎으로 덮어 쪄서 만든 밥을 절구로 으깨어 사용한다.또 달인의 호두를 볶은 기름에 소금을 넣고 볶아준 후 물을 부어 소금물을 따로 걸러낸다.이렇게 만들어진 소금물로 밤을 삶아내는 비법으로 남다른 찹쌀떡 맛을 완성하고 있었다.한편 달인의 가게는 강원 강릉시 남구길5번길 18-1에 위치해 있다.[사진=SBS ‘생활의 달인’ 예고영상캡처]/서경스타 전종선기자 jjs7377@sedaily.com[서울경제 바로가기]이제 주식시세도 서울경제에서 확인하세요 [바로가기▶]서울경제의 모든 연재물!... 서경Cube [바로가기▶]저작권자 ⓒ 서울경제, 무단 전재 및 재배포 금지
	
"
17,2018-01-01 18:25,고령군,새해 벽두부터 분양 활발… 5개 단지 모델하우스 개장,"




// flash 오류를 우회하기 위한 함수 추가
function _flash_removeCallback() {}

분양 캘린더[ 설지연 기자  ] 새해 첫주부터 이례적으로 새 아파트 분양이 활발하게 이뤄진다. 전국에서 5개 단지가 모델하우스를 열고 분양 일정에 들어간다.우미건설은 오는 5일 경기 남양주 별내지구 A20블록에서 ‘남양주 별내지구 우미린 2차’ 모델하우스 문을 연다. 8개 동, 총 585가구(전용 84㎡) 규모다. 단지 옆으로 용암천이 흘러 주거환경이 쾌적하다는 평가다. 별내지구 내 단지 대부분이 입주를 마쳐 생활 인프라가 잘 갖춰졌다.같은 날 현대산업개발은 용인시 수지구 풍덕천동에서 ‘수지 광교산 아이파크’를 공급한다. 시니어주택으로 분양하는 단지다. 청약통장 없이 만 60세 이상이면 청약 가능하다. 18개 동, 총 537가구(전용 59~84㎡)로 이뤄졌다. 이 외에 강원 춘천시 ‘춘천파크자이’, 전남 목포시 ‘용해동 광신프로그레스’, 강원 강릉시 ‘강릉 영진 코아루 비치테라스’ 등도 모델하우스를 공개한다.이번주 청약에 나서는 곳은 공공임대아파트 1개 단지에 그친다. 대보건설은 4일 경기 안성시 안양동 아양지구 B6블록에서 ‘안성아양지구 B6블록’ 1순위 접수를 한다.설지연 기자 sjy@hankyung.com[한경닷컴 바로가기] [글방] [모바일한경 구독신청] ⓒ 한국경제 & hankyung.com, 무단전재 및 재배포 금지
	
"
18,2018-01-01 17:18,고령군,[화보]새해 해맞이 나들이 인파로 전국이 들썩들썩,"




// flash 오류를 우회하기 위한 함수 추가
function _flash_removeCallback() {}

2018년 무술년 첫 날이 밝았다. 1일 제주 한라산 백록담에서 해맞이객들이 한라산 위로 떠오르는 새해 첫해를 지켜보고 있다.2018.1.1/뉴스1 © News1 이석형 기자한라산 백록담 '햇무리' 현상에 탄성(서울=뉴스1) 이석형·최창호·여주연·주기철·서근영·문요한·박지혜·신웅수기자 = 2018년 무술년(戊戌年) 새해 첫날인 1일 전국 해맞이 명소가 힘찬 새 출발을 다짐하는 사람들로 인산인해를 이뤘다. 영동고속도로와 서해안고속도로, 경부고속도로 등 전국의 주요 고속도로는 해맞이 차량으로 구간별로 차량정체가 이어졌다. 이날 전국 고속도로를 오간 차는 388만대로 추산됐다.2018년 무술년(戊戌年) 첫날인 1일 오전 경기도 수원시 서장대에서 시민들이 수원 도심 위로 솟아오르는 붉은 태양의 햇살을 맞으며 소원을 빌고 있다. 2018.1.1/뉴스1 © News1 오장환 기자남한 최고봉 한라산에 오른 해맞이 등산객들은 운해사이로 붉은 해가 떠오르며 '햇무리'현상이 나타나자 '환호성'을 내질렀다. 서귀포에서는 겨울바다 펭귄수영대회가 열렸다. 참가자들은 겨울 바다에 빠져드는 이색 체험을 하며 새해 힘찬 출발을 다짐하며 저마다 소망을 기원했다.강릉 경포대와 정동진, 속초 해수욕장 등 강원지역 해맞이 장소에도 많은 인파가 몰려 다가올 평창올림픽에 대한 기대감으로 해맞이를 만끽했다. 경강선 개통으로 이날 새벽 해맞이 KTX를 타고 동해안을 찾은 관광객들도 줄줄이 해맞이 장소를 찾았다.강원도 동해안 6개 시·군 해맞이 명소에는 강릉 42만명, 속초 21만명 등 70만여명(경찰 추산)이 방문했다. 2018무술년 새해 첫날인 1일 오전 제주 서귀포 중문해수욕장에서 열린 제18회 서귀포 겨울바다 팽귄수영대회에서 참가자들이 바다에 뛰어들고 있다. 이 대회는 추운 겨울바다에 들어가 묵은해의 흔적을 씻어내고 새해 힘찬 출발을 한다는 의미로 매해 열린다.(제주도 제공)2018.1.1/뉴스1 © News1 고동명 기자2018년 무술년(戊戌年) 첫날인 1일 해맞이 명소인 강원도 강릉시 경포해변에서 비엔풍물연구소 관계자들이 떠오르는 태양을 배경으로 대형 오륜기를 휘날리고 있다. 2018.1.1/뉴스1 © News1 서근영 기자2018년 새해 첫날인 1일 강원도 속초해변을 찾은 해맞이 관광객들이 힘차게 솟아오르는 일출을 맞이하고 있다. 2018.1.1/뉴스1 © News1 고재교 기자2018년 무술년(戊戌年) 첫날인 1일 KTX 경강선 종착역인 강원 강릉시 강릉역에서 해맞이 임시 운행 일출열차를 타고 온 올해 첫 승객들이 하차하고 있다. 강릉역에 따르면 이날 세 차례의 일출열차 임시 운행을 통해 1200여 명의 해맞이객이 강릉역을 찾았다. 2018.1.1/뉴스1 © News1 서근영 기자포항 호미곶 해맞이광장에는 전국에서 몰려온 관광객 35만명이 참가한 가운데 해맞이축전이 열렸다.부산 해운대해수욕장 백사장에서는 오전 6시부터 9시까지 ‘2018 부산 해맞이 축제’가 열려 10만 인파가 몰렸다.서울 한복판인 남산 팔각광장과 서울에서 가장 먼저 일출을 볼 수 있는 광진구 아차산 해맞이광장은 새벽부터 발 디딜 곳 찾기 어렵게 인파가 몰렸다. 조류인플루엔자(AI) 여파로 충남과 전남 대부분 지역 해맞이 행사는 열리지 않아 시민들은 비교적 차분한 분위기에서 새해를 맞이했다.2018무술년 첫날인 1일 오전 부산 해운대구 해운대해수욕장에서 시민들이 붉게 떠오르는 태양을 바라보고 있다. 2018.1.1/뉴스1 1 © News1 여주연 기자2018무술년 첫날인 1일 오전 부산 해운대구 해운대해수욕장을 찾은 시민들이 떠오르는 일출을 바라보며 새해 다짐을 하고 있다. 2018.1.1/뉴스1 © News1 여주연 기자2018년 무술년 첫 날이 밝았다. 1일 해맞이에 나선 시민들이 서울 선유도공원에서 새해 첫 해돋이를 지켜보고 있다.2018.1.1/뉴스1 © News1 박지혜 기자새해 첫날인 1일 오전 대전 엑스포 시민광장에서 열린 ‘2018 대전 맨몸 마라톤대회’에서 참가자들이 상의를 탈의 한 채 힘차게 달리고 있다. 2018년 1월 1일 11시 11분 11초. 새해 각오를 다지며 출발하는 맨몸마라톤은 2000여명의 참가자들이 엑스포시민광장을 출발해 갑천길을 따라 한밭 수목원, 유림공원, 카이스트, 과학공원 등 7km를 달렸다. 2018.1.1/뉴스1 © News1 주기철 기자무술년(戊戌年) 새해 첫날인 1일 오전 울산 동구 대왕암공원을 찾은 관광객과 시민들이 일출을 감상하고 있다. 1만여명의 관광객과 시민들이 운집한 대왕암공원에서는 오전 6시부터 8시까지 축하공연, 불꽃놀이, 일출감상, 의식행사, 기원제 등이 열렸다. 2018.1.1/뉴스1   © News1 이윤기 기자대전시민들이 1일 대전시 대청호 비상여수로댐 둔치에서 2018년 무술년(戊戌年) 첫 해가 떠오르자 소망을 담은 풍선을 하늘로 날려보내고 있다. 2018.1.1/뉴스1 © News1 장수영 기자2018년 무술년 첫 날이 밝았다. 1일 오전 서울 남산 팔각정에서 시민들이 새해 첫 해돋이를 맞이하고 있다. 2018.1.1/뉴스1 © News1 신웅수 기자2018년 무술년 첫 날이 밝았다. 1일 오전 서울 남산 팔각정에서 시민들이 새해 첫 해돋이를 하며 소원을 빌고 있다. 2018.1.1/뉴스1 © News1 신웅수 기자2018년 무술년 새해 첫날인 1일 전북 군산시 비응항 앞바다에서 전주해성고등학교 3학년 학생들이 높이 뛰어오르며 새해 힘찬 출발을 다짐하고 있다.2018.1.1/뉴스1 © News1 문요한 기자2018년 무술년 첫 날이 밝았다. 1일 제주 한라산 백록담에 관광객들이 해돋이를 지켜보고 있다.2018.1.1/뉴스1 © News1 이석형 기자2018년 무술년 첫 날이 밝았다. 1일 제주 한라산 백록담에 관광객들이 해돋이를 지켜보고 있다.2018.1.1/뉴스1 © News1 이석형 기자newjd@▶ '평창2018' 관련 뉴스·포토 보기▶ 네이버메인에 ‘뉴스1채널’ 설정하기!▶ 여러분의 제보를 기다립니다.제보하기![© 뉴스1코리아(news1.kr), 무단 전재 및 재배포 금지]

"
19,2018-01-01 20:56,고령군,"박겸수 강북구청장, 역사문화관광·신성장중심도시 모색","




// flash 오류를 우회하기 위한 함수 추가
function _flash_removeCallback() {}

강북구, 오전 7시 47분 북한산 시단봉에서 일출 맞아 시민 500여 명과 함께 구민 행복, 강북구 발전 다짐... 올 한해 구정운영 방향, 미래 지향적인 발전 방안 모색과 주민 삶의 질 향상에도 주력 [아시아경제 박종일 기자] 강북구(구청장 박겸수)가 2018년 새해의 힘찬 출발을 다짐하기 위해 1일 오전 북한산 시단봉에서 해맞이 행사를 가졌다. 북한산은 백두산, 금강산, 묘향산, 지리산과 함께 우리나라를 대표하는 오악(五嶽) 명산 중 하나로 조선시대 나라의 제례터이자 서울의 진산(鎭山)과 종산(宗山)으로 신성시 되던 곳으로 서울 도심의 대표적인 해맞이 명소다.희망찬 새해를 반갑게 맞이하듯 떠오른 둥근 해를 배경으로 박겸수 강북구청장과  약 500여 명 시민들이 함께 함성을 외치며 2018년 희망강북의 힘찬 출발을 기원했다.구의 올 한해 전반적인 구정운영 방향은 역사문화관광 도시나 신성장 중심도시 등 지역의 미래 지향적인 발전 방안 모색과 동시에 구민의 안전 증진 사업, 희망복지 도시 건설 등 주민의 삶의 질 향상을 위한 여러 가지 사업들이 돋보인다.  지난해 7월부터는 13개 모든 동이 찾아가는 동 주민센터로 거듭나 세심한 복지가 가능케 됐다. 복지사각지대를 없애고 주민들에게 한 발 더 다가선 행정을 펼칠 예정이다.박겸수 강북구청장, 희망찬 새해 다짐또 청년 정책 수립에 따른 다양한 지원 사업 발굴 등 ‘젊은강북’ 만들기 추진으로 저출산 고령화 시대에 맞선 대응방안 마련에도 비중을 뒀다. '으뜸교육도시'를 지향하는 강북구답게 꿈나무키움장학재단, 청소년 희망원정대 등 특화 프로그램을 통해 꿈나무들의 바람직한 성장을 위한 지원도 계속된다.구는 지난해 개통된 우이신설 도시철도 역사 주변의 체계적 개발은 물론 강북구만의 특성과 콘텐츠를 담은 실질적인 상권 조성 및 활성화 방안을 강구하는 한편 젠트리피케이션과 같은 부작용이 없도록 하는 데에도 최선을 다하고 있다고 밝혔다.또 구의 역점사업인 북한산 역사문화관광벨트 조성을 위해 우이동 가족캠핑장, 예술인촌 조성이 순조롭게 추진될 수 있도록 하고 북한산 산악문화제, 스탬프 힐링 투어 ‘너랑나랑우리랑’ 등 강북구를 더 널리 알리기 위한 사업도 계속된다. 이밖에 4 ·19혁명국민문화제 개최, 4 ·19혁명기록물 유네스코 등재 추진, 봉황각 3 ·1운동 재현, 가을 음악회 등 강북구만의 역사문화행사 개최와 나라사랑 태극기달기 운동에 더욱 힘써 구의 위상을 선양할 계획이다. 아울러 구는 ‘청결강북’ 운동을 지속적으로 전개, 생활쓰레기와 음식물 쓰레기, 온실가스를 감량해 강북구를 깨끗한 삶의 터전으로 가꿔나가겠다고 밝혔다. 북한산 시단봉에 떠오르는 둥근 해 박겸수 강북구청장은 “지난해는 대내외적으로 어려움이 많았던 한 해였지만 주민 여러분의 단합된 저력은 이를 충분히 이겨낼 수 있음을 확인할 수 있었다”며 “2018년에도 주민 여러분의 관심과 성원에 힘입어 흔들림 없는 구정을 펼쳐 나갈 것”이라고 말했다.박종일 기자 dream@asiae.co.kr▶ 양낙규의 '군사이야기'▶ #아시아경제 채널 구독 ▶ #아시아경제 페이스북<ⓒ세계를 보는 창 경제를 보는 눈, 아시아경제 무단전재 배포금지>
	
"
20,2018-01-01 18:05,고령군,‘황금개띠 해’ 힘찬 출발,"




// flash 오류를 우회하기 위한 함수 추가
function _flash_removeCallback() {}

	
	[ 김범준 기자  ] ‘황금개띠의 해’인 무술년(戊戌年) 첫날을 맞아 서울 강북구 북한산국립공원 내 해발 836m 백운대 정상에 오른 등산객들이 힘찬 새출발을 다짐하고 있다. 백운대는 수도권 일출 명소 중 하나다.김범준 기자 bjk@hankyung.com [한경닷컴 바로가기] [글방] [모바일한경 구독신청] ⓒ 한국경제 & hankyung.com, 무단전재 및 재배포 금지
	
"
21,2018-01-01 17:23,고령군,"""무술년, 좋은 일만 가득하기를""...소원 비는 등산객들","




// flash 오류를 우회하기 위한 함수 추가
function _flash_removeCallback() {}

"
22,2018-01-01 13:33,고령군,부산 해운대도 '북적'…새해 소망 기원,"



동영상 뉴스




// flash 오류를 우회하기 위한 함수 추가
function _flash_removeCallback() {}

	
	부산 해운대도 '북적'…새해 소망 기원[앵커] 부산 해운대 해수욕장에도 수십 만 명의 인파가 모였습니다. 새해 첫해를 바라보며 저마다 소망을 빌고 다짐을 했는데요. 김재홍 기자가 현장에 다녀왔습니다. [기자]부산은 아침 최저기온이 영하로 떨어진 데다 바람까지 강하게 불었지만 새해 첫해를 보려는 열기가 뜨거웠습니다. 겨울 외투로 단단히 무장한 해맞이 인파가 이른 새벽부터 백사장에 몰려들었습니다. 마침내 수평선 너머로 2018년의 첫해가 서서히 떠오르자 수십만 명의 인파가 환호성을 질렀습니다. 해맞이 행사에 나온 사람들은 추위에 아랑곳 하지 않은 채 새해를 바라보며 소망을 기원했습니다.<서홍열 / 경기도 부천시> ""일단 저희가 졸업을 하다보니 좋은 직장을 찾았으면 좋겠고 올 한해도 지난해처럼 여자친구와 건강하고 행복했으면 좋겠습니다.""새해를 맞는 의지를 다지는 바다수영 이벤트도 펼쳐졌습니다. 백사장에는 무술년을 상징하는 개를 모티브로 한 대형 캐릭터와 소망트리 조형물도 설치됐습니다. <이근수 / 서울 강북구> ""작년에는 몸이 너무 아파서 고생을 많이 했습니다. 2018년에는 몸이 좀 안 아프고 빨리 완쾌했으면 좋겠습니다.""광안대교에서는 이날 오전 6시부터 세 시간 동안 교량 상층부를 개방하는 해맞이축제가 열렸습니다. 부산에서는 금정산성과 송도해수욕장 등에도 해맞이 인파가 몰려 첫해를 맞이하는 감동을 함께했습니다.시민들은 맑은 날씨 속에 힘차게 떠오른 2018년 첫해처럼 올해 좋은 일만 이어지기를 기원했습니다. 연합뉴스 김재홍입니다.연합뉴스TV : 02-398-4441(기사문의ㆍ제보) 카톡/라인 jebo23  ▶ 연합뉴스TV 네이버 채널 구독   ▶ 생방송 시청 ▶ 대한민국 뉴스의 시작, 연합뉴스TV 앱 다운받기

"
23,2018-01-01 11:16,고령군,"서울시, 자치구 일자리센터 상담사 ‘공무직’ 전환 정년보장","




// flash 오류를 우회하기 위한 함수 추가
function _flash_removeCallback() {}

	
	[이데일리 김보경 기자] 서울시가 1월 1일부터 15개 자치구 일자리센터에서 근무하고 있는 직업상담사 39명을 시간선택제임기제공무원(9급) 신분에서 정년이 보장되는 공무직(무기계약직)으로 점차적으로 전환한다고 밝혔다.서울시는 앞서 2013년 서울시 일자리센터 소속 직업상담사 22명을 공무직으로 전환했다. 자치구의 경우 동일한 상시·지속업무에 종사하고 있음에도 불구하고 1~2년 단위 계약에 따른 고용불안 및 매년 성과평가에 따른 교육이나 휴가의 제한적인 사용 등 일자리 지원 상담사가 오히려 일자리를 걱정하고 있는 실정이었다. 서울시는 1월 1일 △동대문구(3명) △광진구(2명) △중랑구(2명) △성북구(2명) △강북구(3명) △도봉구(2명) △노원구(2명) △강서구(3명) △금천구(3명) △관악구(3명) △강동구(3명) 11개 자치구를 시작으로 2월 1일까지 △구로구(3명) △은평구(3명)에 이어 상반기 중 △성동구(3명) △서대문구(2명) 등 총 15개 자치구 직업상담사에 대한 전환을 완료할 계획이다.서울시는 이번 공무직(무기계약직) 전환을 통해 자치구 일자리센터 상담사들의 정년보장으로 고용불안이 해소되고, 처우개선을 통해 일자리의 질도 향상될 것으로 기대하고 있다.현재 25개 자치구 일자리센터에서 근무하는 상담사는 총 69명이며, 취업상담·알선 서비스 및 구인·구직발굴 등의 업무를 하고 있다. 조인동 서울시 일자리노동정책관은 “시민들의 일자리를 찾아주는 일자리상담사가 자신의 일자리를 걱정하는 일이 없도록 공무직 전환을 전 자치구로 확대해 나가겠다”고 말했다.김보경 (bkkim@edaily.co.kr)▶네이버 채널에서 ‘이데일리’를 구독해주세요▶[페이스북] 보러가기~ ▶[카카오톡] 플친 맺기~♥＜ⓒ종합 경제정보 미디어 이데일리 - 무단전재 & 재배포 금지＞

"
24,2018-01-01 11:15,고령군,"서울시, 자치구 일자리센터 시간제상담사 39명 무기계약직化","




// flash 오류를 우회하기 위한 함수 추가
function _flash_removeCallback() {}

위 사진은 특정사실과 관련없음.【서울=뉴시스】임재희 기자 = 서울시는 새해부터 15개 자치구 일자리센터 직업상담사 39명을 시간선택제임기제공무원(9급)에서 정년이 보장되는 무기계약직(공무직)으로 전환한다고 1일 밝혔다. 일자리센터 직업상담사는 취업상담·알선은 물론 구인·구직 서비스를 제공한다. 인건비 전액 시비로 지원된다. 서울시 일자리센터 소속 직업상담사 22명은 2013년 공무직이 됐으나 자치구 소속 직원들은 상시·지속업무 종사자임에도 1~2년 단위 계약으로 고용불안에 시달렸다. 매년 성과평가에 따른 교육이나 휴가 사용 제한 등 노동 환경도 열악했다. 이에 시는 전체 25개 자치구 상담사 69명 중 15개구 39명을 무기계약직으로 순차 전환한다. 1일 부로 동대문구(3명), 광진구(2명), 중랑구(2명), 성북구(2명), 강북구(3명), 도봉구(2명), 노원구(2명), 강서구(3명), 금천구(3명), 관악구(3명), 강동구(3명) 등 11개 자치구 직원을 무기계약직화한다. 다음달 1일까지 구로구(3명), 은평구(3명) 상반기 중으로 성동구(3명), 서대문구(2명)까지 전환을 완료할 계획이다. 시 관계자는 ""이번 공무직(무기계약직) 전환을 통해 자치구 일자리센터 상담사들의 정년보장으로 고용불안이 해소되고 처우개선을 통해 일자리의 질도 향상될 것""이라고 말했다. 전환 대상자는 시 전환계획에 준해 자치구별 계획 수립 후 업무평가·전환심의위원회를 거쳐 확정한 뒤 일괄 추진된다. 조인동 서울시 일자리노동정책관은 ""시민들의 일자리를 찾아주는 일자리상담사가 자신의 일자리를 걱정하는 일이 없도록 공무직 전환을 전 자치구로 확대해 나가겠다""고 말했다. limj@newsis.com▶ 뉴시스 빅데이터 MSI 주가시세표 바로가기 ▶ 네이버 채널에서 뉴시스를 구독해주세요<저작권자ⓒ 공감언론 뉴시스통신사. 무단전재-재배포 금지.>

"
25,2018-01-01 11:15,고령군,"서울시, 자치구 일자리센터 상담사 ‘공무직’ 전환해 정년보장","




// flash 오류를 우회하기 위한 함수 추가
function _flash_removeCallback() {}

	
	[머니투데이 김경환 기자] [1일부터 15개 자치구 39명, 시간선택제임기제공무원(9급) → 공무직(무기계약직)으로 전환]서울시가 1일 15개 자치구 일자리센터에서 근무하고 있는 직업상담사 39명을 시간선택제임기제공무원(9급) 신분에서 정년이 보장되는 공무직(무기계약직)으로 점차적으로 전환한다고 밝혔다.시는 이미 지난 2013년 서울시 일자리센터 소속 직업상담사 22명을 공무직으로 전환했으나, 자치구의 경우 동일한 상시·지속업무에 종사하고 있음에도 불구하고 1~2년 단위 계약에 따른 고용불안 및 매년 성과평가에 따른 교육이나 휴가의 제한적인 사용 등 일자리 지원 상담사가 오히려 일자리를 걱정하고 있는 실정이었다.시는 1월 1일 △동대문구(3명) △광진구(2명) △중랑구(2명) △성북구(2명) △강북구(3명) △도봉구(2명) △노원구(2명) △강서구(3명) △금천구(3명) △관악구(3명) △강동구(3명) 11개 자치구를 시작으로 2월 1일까지 구로구(3명), 은평구(3명)에 이어 상반기 중 성동구(3명), 서대문구(2명) 등 총 15개 자치구 직업상담사에 대한 전환을 완료할 계획이다. 시는 이번 공무직(무기계약직) 전환을 통해 자치구 일자리센터 상담사들의 정년보장으로 고용불안이 해소되고, 처우개선을 통해 일자리의 질도 향상될 것으로 기대하고 있다.공무직(무기계약직) 전환은 서울시 전환계획에 준해 자치구별 계획 수립 후 업무평가․전환심의위원회를 거쳐 전환대상자를 확정하고 일괄적으로  추진한다. 현재 25개 자치구 일자리센터에서 근무하는 상담사는 총 69명이며, 취업상담·알선 서비스 및 구인·구직발굴 등의 업무를 하고 있다. 조인동 서울시 일자리노동정책관은 “시민들의 일자리를 찾아주는 일자리상담사가 자신의 일자리를 걱정하는 일이 없도록 공무직 전환을 전 자치구로 확대해 나가겠다”고 말했다.▶돌아본 2017 '10대 키워드'▶무료만화 즐기고~선물타자! ▶치어리더 vs 레이싱걸 김경환 기자 kennyb@<저작권자 ⓒ '돈이 보이는 리얼타임 뉴스' 머니투데이, 무단전재 및 재배포 금지> 

"
26,2018-01-01 23:09,고령군,발달장애인 택배 ‘희망을 나른다’,"




// flash 오류를 우회하기 위한 함수 추가
function _flash_removeCallback() {}

서울시, 노원구 사업 확대 / 1인·2인 1조로 배달·수거 업무 / 비장애인과 업무서 큰 차이 없어 / 노원·강서구 등 247명 직업 가져 / 사회성·자신감 길러… 일석이조“다음에는 물건 더 많이 가지고 오세요.”지난달 29일 서울 노원구 중계 제1공단에 마련된 택배 하역장에서 허은정(28·여)씨가 택배차 문을 닫으며 소리쳤다. 그는 물건을 싣고 온 CJ대한통운 직원에게 “물건이 많아야 고객들한테 더 많은 선물을 건네줄 수 있다”고 아쉬워했다. 허씨에게 택배는 물건이 아니라 고객에게 전달하는 ‘선물’이었다. 허씨와 동료 22명은 택배차에 담긴 ‘선물’ 339개를 30여분 만에 차에서 빼내 동별로 분류했다.“안나는 세 동도 배달할 수 있어.” 강안나(44·여)씨는 허씨가 물건을 전달할 동을 지정해 주자 배달을 더 하겠다며 나섰다. 강씨는 “택배를 받아 기뻐하는 모습을 보면 기분이 좋다”며 자신의 키만큼 택배 상자가 쌓인 수레를 끌고 나섰다. 강씨는 배달할 집에 도착해 초인종을 눌러 “택배 왔습니다”라고 외치며 물건을 전달했다. 지난달 29일 서울 노원구 중계 제1공단의 택배 하역장에서 노원구립 장애인일자리센터 소속 발달장애인들이 택배를 동별로 분류하고 있다.매주 월요일부터 토요일까지 4년 넘게 중계동 아파트 25개동 5000여가구에 택배를 배달해온 이들은 노원구립 장애인일자리센터 소속 발달장애인이다. 받은 물건을 분류해 배달하는 그들은 업무에서 비장애인과 큰 차이가 없었다. 일주일에 1∼2번 택배를 배달받는 강영은(30·여)씨는 “항상 집까지 방문해 밝은 목소리로 ‘택배 왔습니다’라고 외치는 이들이 비장애인 택배기사보다 훨씬 친절하다”며 “처음에는 말이 어눌해 조금 걱정했지만 지금까지 한 번도 물건이 바뀌거나 훼손된 적이 없어서 믿음이 간다”고 말했다. 서울시는 노원구립 장애인일자리센터의 성과를 토대로 이달 중으로 금천구와 노원구 3곳에 ‘발달장애인 택배일자리’사업을 확대 실시한다고 1일 밝혔다.2013년 11월 시작한 발달장애인 택배일자리는 움직이기 좋아하는 발달장애인의 행동 특성에 적합한 일자리로, 발달장애인 1인 또는 2인 1조로 택배를 배달·수거하는 사업이다. 지난해 11월 개소한 강서구와 강동구·송파구까지 포함하면 서울시내 247명의 발달장애인이 택배일자리를 통해 직업을 갖게 된다. 택배일자리 사업을 처음 제안한 이재환 노원구립 장애인일자리센터장은 “일자리가 최고의 복지”라고 설명했다. 그는 “일을 하는 장애인들은 자연스럽게 비장애인들과 접촉하면서 사회성을 기르고, 맡은 역할을 수행하면서 자존감과 자신감을 갖게 된다”고 말했다. 이곳에서 일하는 발달장애인들은 40만∼90만원의 월급을 받으면서 일하고 있다. 업무 성과를 인정받아 올해부터 ‘대리’로 승진한 허씨는 택배기사로 일하면서 내성적이던 성격이 씩씩하고 활발하게 변했다. 허씨는 “‘수고했다’는 말 들을 때 가장 힘이 난다”며 “한결같은 마음으로 정성껏 물건을 배달하겠다”고 새해 포부를 밝혔다. 이 센터장은 “사업 초기에는 ‘장애인이 배달하는 택배를 받기 싫다’고 항의하는 주민이 있었다”며 “조금만 참고 배려해 주면 장애인도 비장애인처럼 일할 수 있는 분야가 많아서 올해는 보다 많은 발달장애인이 비장애인과 함께 일할 수 있으면 좋겠다”고 희망했다.글·사진=이창훈 기자 corazon@segye.comⓒ 세상을 보는 눈, 글로벌 미디어 세계일보

"
27,2018-01-01 23:02,고령군,"2030년 강서구, 대저~명지 잇는 트램·둔치도에 테마파크","




// flash 오류를 우회하기 위한 함수 추가
function _flash_removeCallback() {}

    강서구 2030 장기발전계획에 포함된 낙동강 수변신도시 조감도. 부산발전연구원 제공      잔잔하게 흐르는 낙동강 옆으로 고급 요트들이 물 위에서 울렁인다. 뒤로는 나무 덱과 연결된 유럽풍 단층 주택, 레스토랑, 카페가 줄지어 있다. 인근 신도시 가족들은 트램을 타고 VR(가상현실) 놀이기구가 즐비한 테마파크로 향한다.10여년 후 예상되는 부산 강서구 모습이다. 김해공항 확장, 에코델타시티 등 대규모 개발이 진행 중인 강서구가 또다시 상전벽해를 예고했다. 서낙동강 일대에 명품 주택단지가 들어서고, 4차 산업 테마파크가 지어진다. 사상대교 등 서부산권과 이어지는 교통망도 추가로 확보한다.부발연 용역 최종안 발표 서낙동강변 명품 주거단지 봉림~감전동 사상대교 등 상전벽해 이룰 밑그림 제시다만 주민 의견 수렴, 토지 보상, 그린벨트 해제 등에 따른 주민 반발은 여전히 난제로 남았다.강서구청은 1일 지난해 3월부터 진행된 '강서구 2030 장기발전계획'을 마무리했다고 밝혔다. 이번 계획 수립 용역을 맡은 부산발전연구원은 강서구민 500명을 대상으로 설문조사를 하고, 주민 설명회 등을 열어 최종안을 만들었다.용역 결과에 따르면 가락동과 강동동 사이 서낙동강 일대엔 명품 수변 주택단지가 계획됐다. 에코델타시티 조성, 외국 투자기업 유치로 증가하는 외국인과 시민들이 거주할 공간이 될 전망이다. 부발연 측은 ""이곳은 연약지반에다 바다 조망을 막을 수 있어 저층 주택 위주로 지어져야 한다""면서 ""다소 낙후된 곳으로 평가받는 서낙동강 주변 가치도 높일 것으로 기대한다""고 밝혔다. 주민 설문조사에서도 강서구의 가장 낙후된 지역으로 강동동(21.1%)과 가락동(14.5%)이 각각 2번째, 4번째로 높은 선택을 받았다.논란이 일었던 둔치도 개발도 구체화됐다. 196만 ㎡에 달하는 둔치도는 그동안 테마파크, 생태공원 등 2개 안이 맞붙었다. 구청은 일본 도쿄의 디즈니랜드처럼 도심 속 테마파크를 추진했다. 주변에 많은 생태공원보다는 테마파크를 지어 부족한 서부산권 관광 콘텐츠를 확보해야 한다는 입장이다.그러나 철새도래지인 둔치도 개발은 생태계를 훼손할 수 있다는 지적이 일었고, 부산시도 생태공원안을 기본 방침으로 세운 것으로 알려졌다. 이에 대해 부발연은 VR, AI(인공지능) 로봇 등 4차 산업을 체험하는 테마파크와 생태공원을 함께 조성하는 방안을 제시했다.대저역~에코델타시티~명지(21.3㎞, 24개 정류장)를 잇는 강서선 트램과 함께 서부산권 교통망 확충 계획도 나왔다. 이미 알려진 대저·엄궁대교뿐 아니라 강서구 봉림동~사상구 감전동(8.5㎞)을 잇는 사상대교 건립도 제시됐다. 계획에 따라 4000억 원을 들여 왕복 4~6차로가 건설된다면 서부산권 출·퇴근 교통난을 크게 해소할 것으로 기대된다. 부발연 황영우 선임연구위원은 ""우수한 자연환경뿐 아니라 면적, 인구, 산업, 주거 등 모든 부분에서 강서구가 미래 부산을 이끌어 갈 것""이라고 말했다.강서구의 미래 청사진은 국비 확보나 환경 훼손 우려 등의 걸림돌을 우선 해결해야 가능하다는 지적도 만만찮다. 토지 보상 문제로 주민 의견이 쉽게 모아질지도 의문이며, 과도한 그린벨트 해제에 따른 환경 단체의 반발도 예상되기 때문이다.이승훈 기자 lee88@busan.com    
	
"
28,2018-01-01 20:48,고령군,'희망찬 한 해' 소망 안은 첫 태양…무술년 해맞이,"



동영상 뉴스




// flash 오류를 우회하기 위한 함수 추가
function _flash_removeCallback() {}

	
	<앵커>붉은 태양이 새해 첫날 구름 사이로 힘차게 떠오르는 모습 보셨습니다. 날이 좋아서 오늘(1일) 전국 대부분 지역에서 2018년의 첫 일출을 감상할 수 있었습니다.해돋이 명소마다 많은 사람이 몰렸는데 새해 소원을 비는 다채로운 모습을 조재근 기자가 담았습니다.<기자>차가운 겨울 백사장 빼곡히 해맞이 인파가 모였습니다. 기다림의 시간이 끝나고 수평선 너머로 붉은 기운이 퍼지면서 2018년의 첫 태양이 얼굴을 드러냅니다.추위를 견디며 해변을 지킨 해맞이객들은 새해 소망을 간절히 기원했습니다.[지인구/서울 강서구 : 우리 애 고등학교 새로 입학하게 돼서 건강하게 공부 열심히 하라고 그렇게 빌었습니다.]강릉 경포 20만 명을 비롯해 강원 동해안에 70여만 명, 부산과 울산 간절곶에 각각 17만 명, 포항 호미곶에도 35만여 명이 모여 새해 첫 일출을 감상했습니다.[김재준/경기도 수원시 : 우리가족 다 건강했으면 좋겠어요. 파이팅.]눈에 덮여 온통 새하얀 제주 한라산에서는 흰 구름을 뚫고 태양이 떠오르는 장관이 펼쳐졌습니다.소복이 흰 눈에 덮인 속리산에서도, 세찬 바람이 몰아치는 태백산과 광주 무등산에서도 2018년 첫 태양은 지켜보는 모든 이의 기도 속에 힘차게 떠올랐습니다.[이미령 · 김진희 /부산시 : 더욱더 좋은 일들만 가득했으면 좋겠고요, 저희 가족 모두 행복했으면 좋겠다고 (빌었어요.)] ---차가운 겨울 바닷속으로 뛰어들며 새로운 다짐을 다지기도 하고 알몸으로 바람을 가르며 새해 첫날을 열기도 합니다.무술년 새해를 연 밝은 태양. 지켜보는 곳은 달랐지만 희망찬 한 해가 되길 바라는 마음은 한결같았습니다.(영상취재 : 허 춘·오일령 JIBS·최복수 KBC·안재영 UBC)    조재근 기자(jkcho@sbs.co.kr)☞ [나도펀딩] 전신마비 아빠와 다운증후군 딸, 두 사람의 행복을 응원해주세요☞ SBS에서 직접 편집한 뉴스 여기서 확인!※ © SBS & SBS I&M.; : 무단복제 및 재배포 금지
	
"
29,2018-01-01 20:01,고령군,"첫 울음, 첫 손님, 첫 출발…무술년 새해 밝았다","



동영상 뉴스




// flash 오류를 우회하기 위한 함수 추가
function _flash_removeCallback() {}

 2018년 새해의 첫 테이프를 끊은 순간들로 돌아가보겠습니다.   병원에서는 건강한 신생아 울음소리가 무술년의 힘찬 시작을 알렸고, 공항에선 화물기가 새해 첫 수출품을 싣고 날아 올랐습니다.   백승우 기자가 보도합니다.  [리포트] 우렁찬 아기 울음소리가 분만실을 가득 채웁니다.   뱃속에서 더디 자라는 태아가 늘 걱정됐던 엄마는, 건강하게 나와 준 예쁜 딸에게서 눈을 떼지 못합니다   [박수진 / 새해 첫 아기 엄마]  ""건강하게 나와줘서 너무 고맙고, 건강하고 바르게 자라줬으면 좋겠습니다.""   새해 대한민국 1호 입국자는 베이징에서 온 중국인 관광객이었습니다.   네 번째를 맞는 한국 방문에서 무료 숙박권과 항공권 선물까지 받게 됐습니다.   [후이 천 / 새해 첫 입국자]  ""이틀 정도 관광지를 돌아보고, 한국의 음식들을 먹고 싶어요.""   상하이행 화물기에 반도체와 LCD 패널 등 수출품을 싣는 손길이 분주합니다.   어둠을 뚫고 날아오르는 비행기에는 수출이 경제에 활력을 불어넣길 바라는 희망도 함께 실었습니다.   [김해영 / 항공사 수출 파트]  ""올 한 해에는 다양한 항공 수출이 늘어나, 우리 경제가 더 좋아지기를 희망합니다.""   묵은 해를 보내고 새로운 해를 맞은 시민들은 가슴 속에 품은 소원을 빌었습니다.   [박기남 / 서울 마포구]  ""큰 사고 없고, 가슴 아픈 일 없이 가정이나 나라나 직장이나 이 사회나 모두 편안했으면 좋겠습니다.""   [서진숙 / 서울 강서구]  ""뭐든지 열심히 하면 칭찬받고 인정받을 수 있는 사회가 됐으면 좋겠습니다.""   채널A 뉴스 백승우입니다.   백승우 기자 strip@donga.com  영상취재 : 추진엽  영상편집 : 오훤슬기꿈을 담는 캔버스 채널A  ⓒCHANNEL A(www.ichannela.com), 무단 전재 및 재배포 금지
	
"
30,2018-01-01 19:31,고령군,"'2TV 생생정보' 새해 음식, 평안도식 만두&어복쟁반-복어찜&튀김&맑은탕 한 상","




// flash 오류를 우회하기 위한 함수 추가
function _flash_removeCallback() {}

    1일 오늘 방송된 KBS '2TV 생생정보'에서는 '신년기획 - 새해 복 음식' 코너를 통해  '만두'와 '어복쟁반' 맛집이 소개되었다.서울 양천구 목동동로10길에 위치한 '평미가'에서 '만두'와 '어복쟁반' 메뉴를 만날 수 있다.서울 강서구 공항대로에 위치한 '미락복요리전문점'에서 '복어찜'과 '복어튀김&복어맑은탕'을 만날 수 있다.디지털콘텐츠팀 multi@

"
31,2018-01-01 23:09,고령군,발달장애인 택배 ‘희망을 나른다’,"




// flash 오류를 우회하기 위한 함수 추가
function _flash_removeCallback() {}

서울시, 노원구 사업 확대 / 1인·2인 1조로 배달·수거 업무 / 비장애인과 업무서 큰 차이 없어 / 노원·강서구 등 247명 직업 가져 / 사회성·자신감 길러… 일석이조“다음에는 물건 더 많이 가지고 오세요.”지난달 29일 서울 노원구 중계 제1공단에 마련된 택배 하역장에서 허은정(28·여)씨가 택배차 문을 닫으며 소리쳤다. 그는 물건을 싣고 온 CJ대한통운 직원에게 “물건이 많아야 고객들한테 더 많은 선물을 건네줄 수 있다”고 아쉬워했다. 허씨에게 택배는 물건이 아니라 고객에게 전달하는 ‘선물’이었다. 허씨와 동료 22명은 택배차에 담긴 ‘선물’ 339개를 30여분 만에 차에서 빼내 동별로 분류했다.“안나는 세 동도 배달할 수 있어.” 강안나(44·여)씨는 허씨가 물건을 전달할 동을 지정해 주자 배달을 더 하겠다며 나섰다. 강씨는 “택배를 받아 기뻐하는 모습을 보면 기분이 좋다”며 자신의 키만큼 택배 상자가 쌓인 수레를 끌고 나섰다. 강씨는 배달할 집에 도착해 초인종을 눌러 “택배 왔습니다”라고 외치며 물건을 전달했다. 지난달 29일 서울 노원구 중계 제1공단의 택배 하역장에서 노원구립 장애인일자리센터 소속 발달장애인들이 택배를 동별로 분류하고 있다.매주 월요일부터 토요일까지 4년 넘게 중계동 아파트 25개동 5000여가구에 택배를 배달해온 이들은 노원구립 장애인일자리센터 소속 발달장애인이다. 받은 물건을 분류해 배달하는 그들은 업무에서 비장애인과 큰 차이가 없었다. 일주일에 1∼2번 택배를 배달받는 강영은(30·여)씨는 “항상 집까지 방문해 밝은 목소리로 ‘택배 왔습니다’라고 외치는 이들이 비장애인 택배기사보다 훨씬 친절하다”며 “처음에는 말이 어눌해 조금 걱정했지만 지금까지 한 번도 물건이 바뀌거나 훼손된 적이 없어서 믿음이 간다”고 말했다. 서울시는 노원구립 장애인일자리센터의 성과를 토대로 이달 중으로 금천구와 노원구 3곳에 ‘발달장애인 택배일자리’사업을 확대 실시한다고 1일 밝혔다.2013년 11월 시작한 발달장애인 택배일자리는 움직이기 좋아하는 발달장애인의 행동 특성에 적합한 일자리로, 발달장애인 1인 또는 2인 1조로 택배를 배달·수거하는 사업이다. 지난해 11월 개소한 강서구와 강동구·송파구까지 포함하면 서울시내 247명의 발달장애인이 택배일자리를 통해 직업을 갖게 된다. 택배일자리 사업을 처음 제안한 이재환 노원구립 장애인일자리센터장은 “일자리가 최고의 복지”라고 설명했다. 그는 “일을 하는 장애인들은 자연스럽게 비장애인들과 접촉하면서 사회성을 기르고, 맡은 역할을 수행하면서 자존감과 자신감을 갖게 된다”고 말했다. 이곳에서 일하는 발달장애인들은 40만∼90만원의 월급을 받으면서 일하고 있다. 업무 성과를 인정받아 올해부터 ‘대리’로 승진한 허씨는 택배기사로 일하면서 내성적이던 성격이 씩씩하고 활발하게 변했다. 허씨는 “‘수고했다’는 말 들을 때 가장 힘이 난다”며 “한결같은 마음으로 정성껏 물건을 배달하겠다”고 새해 포부를 밝혔다. 이 센터장은 “사업 초기에는 ‘장애인이 배달하는 택배를 받기 싫다’고 항의하는 주민이 있었다”며 “조금만 참고 배려해 주면 장애인도 비장애인처럼 일할 수 있는 분야가 많아서 올해는 보다 많은 발달장애인이 비장애인과 함께 일할 수 있으면 좋겠다”고 희망했다.글·사진=이창훈 기자 corazon@segye.comⓒ 세상을 보는 눈, 글로벌 미디어 세계일보

"
32,2018-01-01 23:02,고령군,"2030년 강서구, 대저~명지 잇는 트램·둔치도에 테마파크","




// flash 오류를 우회하기 위한 함수 추가
function _flash_removeCallback() {}

    강서구 2030 장기발전계획에 포함된 낙동강 수변신도시 조감도. 부산발전연구원 제공      잔잔하게 흐르는 낙동강 옆으로 고급 요트들이 물 위에서 울렁인다. 뒤로는 나무 덱과 연결된 유럽풍 단층 주택, 레스토랑, 카페가 줄지어 있다. 인근 신도시 가족들은 트램을 타고 VR(가상현실) 놀이기구가 즐비한 테마파크로 향한다.10여년 후 예상되는 부산 강서구 모습이다. 김해공항 확장, 에코델타시티 등 대규모 개발이 진행 중인 강서구가 또다시 상전벽해를 예고했다. 서낙동강 일대에 명품 주택단지가 들어서고, 4차 산업 테마파크가 지어진다. 사상대교 등 서부산권과 이어지는 교통망도 추가로 확보한다.부발연 용역 최종안 발표 서낙동강변 명품 주거단지 봉림~감전동 사상대교 등 상전벽해 이룰 밑그림 제시다만 주민 의견 수렴, 토지 보상, 그린벨트 해제 등에 따른 주민 반발은 여전히 난제로 남았다.강서구청은 1일 지난해 3월부터 진행된 '강서구 2030 장기발전계획'을 마무리했다고 밝혔다. 이번 계획 수립 용역을 맡은 부산발전연구원은 강서구민 500명을 대상으로 설문조사를 하고, 주민 설명회 등을 열어 최종안을 만들었다.용역 결과에 따르면 가락동과 강동동 사이 서낙동강 일대엔 명품 수변 주택단지가 계획됐다. 에코델타시티 조성, 외국 투자기업 유치로 증가하는 외국인과 시민들이 거주할 공간이 될 전망이다. 부발연 측은 ""이곳은 연약지반에다 바다 조망을 막을 수 있어 저층 주택 위주로 지어져야 한다""면서 ""다소 낙후된 곳으로 평가받는 서낙동강 주변 가치도 높일 것으로 기대한다""고 밝혔다. 주민 설문조사에서도 강서구의 가장 낙후된 지역으로 강동동(21.1%)과 가락동(14.5%)이 각각 2번째, 4번째로 높은 선택을 받았다.논란이 일었던 둔치도 개발도 구체화됐다. 196만 ㎡에 달하는 둔치도는 그동안 테마파크, 생태공원 등 2개 안이 맞붙었다. 구청은 일본 도쿄의 디즈니랜드처럼 도심 속 테마파크를 추진했다. 주변에 많은 생태공원보다는 테마파크를 지어 부족한 서부산권 관광 콘텐츠를 확보해야 한다는 입장이다.그러나 철새도래지인 둔치도 개발은 생태계를 훼손할 수 있다는 지적이 일었고, 부산시도 생태공원안을 기본 방침으로 세운 것으로 알려졌다. 이에 대해 부발연은 VR, AI(인공지능) 로봇 등 4차 산업을 체험하는 테마파크와 생태공원을 함께 조성하는 방안을 제시했다.대저역~에코델타시티~명지(21.3㎞, 24개 정류장)를 잇는 강서선 트램과 함께 서부산권 교통망 확충 계획도 나왔다. 이미 알려진 대저·엄궁대교뿐 아니라 강서구 봉림동~사상구 감전동(8.5㎞)을 잇는 사상대교 건립도 제시됐다. 계획에 따라 4000억 원을 들여 왕복 4~6차로가 건설된다면 서부산권 출·퇴근 교통난을 크게 해소할 것으로 기대된다. 부발연 황영우 선임연구위원은 ""우수한 자연환경뿐 아니라 면적, 인구, 산업, 주거 등 모든 부분에서 강서구가 미래 부산을 이끌어 갈 것""이라고 말했다.강서구의 미래 청사진은 국비 확보나 환경 훼손 우려 등의 걸림돌을 우선 해결해야 가능하다는 지적도 만만찮다. 토지 보상 문제로 주민 의견이 쉽게 모아질지도 의문이며, 과도한 그린벨트 해제에 따른 환경 단체의 반발도 예상되기 때문이다.이승훈 기자 lee88@busan.com    
	
"
33,2018-01-01 20:48,고령군,'희망찬 한 해' 소망 안은 첫 태양…무술년 해맞이,"



동영상 뉴스




// flash 오류를 우회하기 위한 함수 추가
function _flash_removeCallback() {}

	
	<앵커>붉은 태양이 새해 첫날 구름 사이로 힘차게 떠오르는 모습 보셨습니다. 날이 좋아서 오늘(1일) 전국 대부분 지역에서 2018년의 첫 일출을 감상할 수 있었습니다.해돋이 명소마다 많은 사람이 몰렸는데 새해 소원을 비는 다채로운 모습을 조재근 기자가 담았습니다.<기자>차가운 겨울 백사장 빼곡히 해맞이 인파가 모였습니다. 기다림의 시간이 끝나고 수평선 너머로 붉은 기운이 퍼지면서 2018년의 첫 태양이 얼굴을 드러냅니다.추위를 견디며 해변을 지킨 해맞이객들은 새해 소망을 간절히 기원했습니다.[지인구/서울 강서구 : 우리 애 고등학교 새로 입학하게 돼서 건강하게 공부 열심히 하라고 그렇게 빌었습니다.]강릉 경포 20만 명을 비롯해 강원 동해안에 70여만 명, 부산과 울산 간절곶에 각각 17만 명, 포항 호미곶에도 35만여 명이 모여 새해 첫 일출을 감상했습니다.[김재준/경기도 수원시 : 우리가족 다 건강했으면 좋겠어요. 파이팅.]눈에 덮여 온통 새하얀 제주 한라산에서는 흰 구름을 뚫고 태양이 떠오르는 장관이 펼쳐졌습니다.소복이 흰 눈에 덮인 속리산에서도, 세찬 바람이 몰아치는 태백산과 광주 무등산에서도 2018년 첫 태양은 지켜보는 모든 이의 기도 속에 힘차게 떠올랐습니다.[이미령 · 김진희 /부산시 : 더욱더 좋은 일들만 가득했으면 좋겠고요, 저희 가족 모두 행복했으면 좋겠다고 (빌었어요.)] ---차가운 겨울 바닷속으로 뛰어들며 새로운 다짐을 다지기도 하고 알몸으로 바람을 가르며 새해 첫날을 열기도 합니다.무술년 새해를 연 밝은 태양. 지켜보는 곳은 달랐지만 희망찬 한 해가 되길 바라는 마음은 한결같았습니다.(영상취재 : 허 춘·오일령 JIBS·최복수 KBC·안재영 UBC)    조재근 기자(jkcho@sbs.co.kr)☞ [나도펀딩] 전신마비 아빠와 다운증후군 딸, 두 사람의 행복을 응원해주세요☞ SBS에서 직접 편집한 뉴스 여기서 확인!※ © SBS & SBS I&M.; : 무단복제 및 재배포 금지
	
"
34,2018-01-01 20:01,고령군,"첫 울음, 첫 손님, 첫 출발…무술년 새해 밝았다","



동영상 뉴스




// flash 오류를 우회하기 위한 함수 추가
function _flash_removeCallback() {}

 2018년 새해의 첫 테이프를 끊은 순간들로 돌아가보겠습니다.   병원에서는 건강한 신생아 울음소리가 무술년의 힘찬 시작을 알렸고, 공항에선 화물기가 새해 첫 수출품을 싣고 날아 올랐습니다.   백승우 기자가 보도합니다.  [리포트] 우렁찬 아기 울음소리가 분만실을 가득 채웁니다.   뱃속에서 더디 자라는 태아가 늘 걱정됐던 엄마는, 건강하게 나와 준 예쁜 딸에게서 눈을 떼지 못합니다   [박수진 / 새해 첫 아기 엄마]  ""건강하게 나와줘서 너무 고맙고, 건강하고 바르게 자라줬으면 좋겠습니다.""   새해 대한민국 1호 입국자는 베이징에서 온 중국인 관광객이었습니다.   네 번째를 맞는 한국 방문에서 무료 숙박권과 항공권 선물까지 받게 됐습니다.   [후이 천 / 새해 첫 입국자]  ""이틀 정도 관광지를 돌아보고, 한국의 음식들을 먹고 싶어요.""   상하이행 화물기에 반도체와 LCD 패널 등 수출품을 싣는 손길이 분주합니다.   어둠을 뚫고 날아오르는 비행기에는 수출이 경제에 활력을 불어넣길 바라는 희망도 함께 실었습니다.   [김해영 / 항공사 수출 파트]  ""올 한 해에는 다양한 항공 수출이 늘어나, 우리 경제가 더 좋아지기를 희망합니다.""   묵은 해를 보내고 새로운 해를 맞은 시민들은 가슴 속에 품은 소원을 빌었습니다.   [박기남 / 서울 마포구]  ""큰 사고 없고, 가슴 아픈 일 없이 가정이나 나라나 직장이나 이 사회나 모두 편안했으면 좋겠습니다.""   [서진숙 / 서울 강서구]  ""뭐든지 열심히 하면 칭찬받고 인정받을 수 있는 사회가 됐으면 좋겠습니다.""   채널A 뉴스 백승우입니다.   백승우 기자 strip@donga.com  영상취재 : 추진엽  영상편집 : 오훤슬기꿈을 담는 캔버스 채널A  ⓒCHANNEL A(www.ichannela.com), 무단 전재 및 재배포 금지
	
"
35,2018-01-01 19:31,고령군,"'2TV 생생정보' 새해 음식, 평안도식 만두&어복쟁반-복어찜&튀김&맑은탕 한 상","




// flash 오류를 우회하기 위한 함수 추가
function _flash_removeCallback() {}

    1일 오늘 방송된 KBS '2TV 생생정보'에서는 '신년기획 - 새해 복 음식' 코너를 통해  '만두'와 '어복쟁반' 맛집이 소개되었다.서울 양천구 목동동로10길에 위치한 '평미가'에서 '만두'와 '어복쟁반' 메뉴를 만날 수 있다.서울 강서구 공항대로에 위치한 '미락복요리전문점'에서 '복어찜'과 '복어튀김&복어맑은탕'을 만날 수 있다.디지털콘텐츠팀 multi@

"
36,2018-01-01 18:31,고령군,"文대통령, 취임 첫 새해…산행·신년메시지·통화 '분주'(종합)","




// flash 오류를 우회하기 위한 함수 추가
function _flash_removeCallback() {}

문재인 대통령이 2018무술년 첫날인 1일 오전 2017년 올해의 의인들과 함께 북한산 일출 산행에 나섰다. 문 대통령이 산악구조대원들과 기념촬영을 하고 있다. (청와대 페이스북)2018.1.1/뉴스1 © News1 김명섭 기자'2017년 올해의 의인' 6명과 함께 북한산 산행""국민들 나아진 삶 소망""…각계인사 13명과 통화(서울=뉴스1) 조소영 기자,박승주 기자 = 문재인 대통령이 무술년(戊戌年) 새해를 '해맞이 산행'으로 시작했다. 문 대통령은 귀까지 덮는 모자에 옷을 여러 겹 겹쳐입은 모습으로 산에 올랐다.1일 청와대에 따르면 문 대통령은 새해 첫날인 이날 오전 6시30분 '2017년 올해의 의인'으로 뽑힌 사람들과 함께 구기동 매표소에서 북한산 산행을 시작했다.지난해를 빛낸 의인은 최현호·박노주·박정현·김지수·성준용·최태준씨 등 총 6명이다.최현호씨는 지난해 7월 광주 소촌지하차도 폭우침수 당시 차량이 고립됐을 때 물속에 직접 들어가서 어린아이 2명과 어머니, 할머니 등 일가족 4명 구조한 의인이다.박노주씨는 경기 고양 교통사고 차량 화재 사건 당시 상처를 입으면서까지 차량에서 의식을 잃은 운전자를 구조했던 사람이다. 박정현씨는 경기 성남에서 성폭행 위기에 처해있는 여성을 구조했다. 강원체고 수영부 학생인 김지수·성준용·최태준씨는 지난해 11월 춘천 의암호에서 침수되는 차량의 운전자를 구조했다.청와대 관계자는 ""경찰청, 소방본부 등 기관에서 의인을 추천받았고, 청와대에서 6분을 선정해 산행을 같이 하게 됐다""고 설명했다.문 대통령은 이들과 북한산 사모바위에서 해돋이를 감상한 뒤 새해인사와 함께 기념촬영을 했다.문 대통령은 사모바위에서 손학규 국민의당 상임고문을 우연히 만나 덕담도 나눴다.문 대통령은 지지자들과 함께 해돋이 등반에 나선 손 고문을 발견했고, 포옹한 뒤 서로 반갑게 악수를 하며 얘기를 나눴다. 이후 손 고문은 지지자들에게 ""문재인 대통령이 만드는 나라가 잘되길 바란다""고 했다 한다.문재인 대통령이 2018무술년 새해 첫날인 1일 오전 청와대에서 북한산 산행을 함께한 2017년 올해의 의인들과 떡국 조찬을 하고 있다.(청와대 페이스북) 2018.1.1/뉴스1 © News1 김명섭 기자전남 강진 흙집에서 칩거했던 손 고문은 2015년 5월 이후 서울 종로구 구기동으로 거처를 옮겼다. 앞서 문 대통령도 더불어민주당 대표 시절 구기동에 거주했다.오전 9시10분 산행을 마친 문 대통령과 6명의 의인들은 청와대 관저에서 '떡국 조찬'을 함께하며 건강 당부 등 덕담을 나눴다. 이 자리에는 임종석 대통령 비서실장과 장하성 정책실장 등도 함께했다.문 대통령은 히말라야 트레킹을 세 번 다녀왔을 정도로 등산을 좋아한다. 취임 뒤인 지난 5월13일엔 대선 당시 자신을 취재한 '마크맨' 기자들과 북악산 등반을 한 적도 있다.문 대통령은 오후 1시40분쯤에는 자신의 페이스북에 북한산 해돋이 산행소회와 신년메시지를 올리기도 했다.문 대통령은 ""새해 새 일출을 보며 새로운 소망들을 품는다. 새해엔 국민들이 나아진 삶으로 보답받기를 소망한다""며 ""평창동계올림픽·패럴림픽의 성공과 한반도의 평화를 소망한다. 재해·재난 없는 안전한 대한민국을 소망한다""고 말했다.이어 ""새해를 온 국민과 함께 희망과 긍정, 낙관으로 맞고 싶다""고 말했다.문 대통령은 이후 사회 각계각층 인사 13명에게 전화를 걸어 신년인사를 전했다.대상자는 Δ혹한에 쓰러진 할아버지를 집까지 모셔다드린 전농중학교 학생들 3명 Δ'국민타자' 이승엽씨 Δ박종승 국방과학연구소(ADD) 미사일 개발본부장 Δ나주시청 AI(조류인플루엔자) 상황실 장은영씨 Δ포항 대동빌라 비상대책위원장 김대명씨 Δ설악산 국립공원관리공단 중청대피소 남성우씨 Δ비혼모시설 입소자 Δ청년농업인 조해석씨 Δ여성벤처기업인 이정신 모러스코리아 대표 Δ한빛부대 의무대 김창윤 병장 Δ이라크 비스마야 신도시 조성사업 해외건설 근로자 나호윤씨였다.당초 청와대는 AI 방역관 순직 유가족 자녀, 평창동계올림픽 실무 책임자들, 동남아국가 총영사, 주한미군 등과 통화할 계획이라고 밝혔지만 대상자가 일부 수정된 것으로 전해졌다. 청와대 관계자는 ""오늘 통화를 못한 분들은 다음에 인사할 기회를 마련할 것""이라고 밝혔다.문재인 대통령이 1일 청와대 관저에서 '나라답게 정의롭게 국민과의 전화통화'의 시간을 갖고 통화 대상자들과 통화하고 있다.(청와대 제공) 2018.1.1/뉴스1 © News1 김명섭 기자cho11757@▶ '평창2018' 관련 뉴스·포토 보기▶ 네이버메인에 ‘뉴스1채널’ 설정하기!▶ 여러분의 제보를 기다립니다.제보하기![© 뉴스1코리아(news1.kr), 무단 전재 및 재배포 금지]

"
37,2018-01-01 20:59,고령군,새해 소원 빌기 좋은 수도권 기도 명당처,"




// flash 오류를 우회하기 위한 함수 추가
function _flash_removeCallback() {}

""새해 소원은 무엇인가요? 이루어지게 해줄 게요""[오마이뉴스 김종성 기자]        ▲  새해를 맞아 많은 사람들이 찾아와 소원을 빌다보니 부처님도 피곤하시겠다.              ⓒ 김종성  무언가를 기대하고 바라는 건 인간의 본능인가보다. 뿌연 미세먼지 속에서도 새해가 다가오자 소원을 빌기 위해 몰려든 사람들로 해맞이 명소들이 북적인다. 해가 뜨는 찰나를 놓치지 않고, 간절히 소망하고 소원하고 축원하고 기원한다. 매일 뜨고 지는 태양이지만 이때만큼은 사뭇 다르게 다가온다. 그만큼 '새해'라는 단어는 설레고 특별하게 느껴진다.   문제는 춥디추운 겨울 날씨(새해가 3월 20일이라는 이란이 부럽기만 하다). 이른 새벽 이불 밖으로 나서기 힘든 나 같은 사람들에게도 좋은 소원 성취 명소가 있다. 속칭 '기도발'이 좋은 곳으로 소문난 사찰이다. 불경을 외는 스님의 목탁소리, 호흡까지 길어지는 은은한 범종의 울림, 심장을 고동치게 하는 북소리를 듣다보면 저절로 마음이 고요함속에 잠긴다. '무언가를 믿는 순간 그 무언가에 속는 것'이라고 여기는 내게도 경건함을 느끼게 해준다. 소망이나 소원은 구체적일수록 좋다고 한다. 새해엔 더 자주 웃고, 더 크게 웃을 수 있기를 빌었다.■ 금강신이 빚어낸 서울 인왕산 선바위          ▲  인왕산의 명당 기도처 선바위.            ⓒ 김종성           ▲  우리나라의 오래된 무속신앙을 체감할 수 있는 인왕산 국사당.            ⓒ 김종성  인왕산은 서울 종로구와 서대문구에 걸쳐 있는 높이 338m의 산으로 큰 화강암 덩어리들로 이루어진 바위산이다. 높지 않은 산이지만 큰 바윗돌이 곳곳에 박힌 산세가 제법 웅장하고 계곡이 깊다. 1968년 김신조 등 무장공비가 침투했던 1·21 사태로 출입이 통제되었다가 문민정부가 들어선 1993년에야 시민들에게 개방된 사연도 품고 있다.      인왕산은 한양의 서쪽에 있다하여 원래 이름은 서산(西山)이었다. 단순하고 밋밋했던 산 이름은 세종 때 지금의 이름 인왕산(仁王山)으로 바뀐다. 인왕이란 불법을 수호하는 금강신(金剛神)의 이름인데, 조선왕조를 수호하려는 뜻에서 산의 이름을 개칭했다. 이렇듯 인왕산은 불교와 인연이 깊은 산이다. 산행이 아닌 기도를 하기 위해 인왕산에 오르는 사람들도 있는데 바로 '선바위' 때문이다. 인왕사와 국사당(國師堂, 서울시 종로구 무악동 산 2-12번지)을 지나면 보인다. 국사당은 조선시대 나라에서 제례나 기우제 등을 지냈던 신당이다. 국사당에선 지금도 인간문화재 무속인이 연례적으로 내림굿·재수굿·치병굿 등을 한다. 선바위는 인왕산에서 가장 유명한 바위로 2개의 거대한 바위 모습이 마치 스님이 장삼을 입고 서 있는 것처럼 보여 선(참선 禪)자를 붙여 선바위라 불렀다. 주변에 장군바위, 해골바위, 범바위 등 기기묘묘한 바위들이 많다. 거대한 자연물을 경외하고 숭배하는 토테미즘(Totemism)이라는 원시적 종교를 생생하게 느낄 수 있다. * 대중교통편 : 서울 3호선 전철 독립문역 2번 출구 - 인왕산 현대아이파크아파트 108동 뒤편으로 들머리가 나있다. ■ 흰 옷 입은 부처가 있는 서울 제일의 기도처, 옥천암 백불(白佛)         ▲  홍제천가의 명당 기도처 옥천암 백불.             ⓒ 김종성           ▲  추운날씨에도 옥천암 바위 아래에서 기도를 하는 불자들.            ⓒ 김종성  서울 홍제천을 지나다보면 천변가 절벽 밑으로 작은 암자와 누각이 보인다. 옥천암(玉泉庵, 서대문구 홍지문길 1-38 (홍은동))이라는 아담한 절이다. 하천가에 있는 이채로운 절이라 그런지 지나갈 적마다 눈길을 끄는 곳이다. 서울에서 이름난 기도처였던 옥천암은 일찍부터 '불상이 새겨진 바위'가 있어 불암(佛巖)으로 알려져 있던 고찰이었다. 이 절은 사찰 자체보다 높이 10m의 바위 남쪽 면에 새겨진 관음보살상으로 더 유명하다. 암자 누각 안에 이채롭게도 흰 옷을 입은 불상이 앉아있다. 정식명칭은 '마애보살좌상(閣磨崖菩薩坐像)'이다. 서울시 유형문화재에서 2014년 보물 제1820호로 승격됐다. 불교 경전에 나오는 관세음보살은 중생들의 현실적인 어려움을 구제하는 대중적인 보살이다. 삼국시대부터 조선시대까지 민간에서 많은 신앙을 받았던 불상이기도 하다. 바위의 왼쪽 편과 뒷면에는 소원을 빌면서 바위를 갈았던 붙임바위가 남아 있다. 조선 태조 이성계가 한양에 도읍을 정할 때도 이 존상 앞에서 기원했고, 조선 말기 흥선대원군의 부인이 이곳에서 아들 고종의 복을 비는 치성을 드렸다. 구한말엔 '백의(白衣) 관음상' 혹은 백불(白佛)로 불렀는데, 선교사 등 당시 외국인들 사이에 'The White Buddha'고 알려져 서양인들의 주요 답사지가 되기도 했다. 특히 이 부처님이 계신 곳은 따로 문이 없어서 아무 때나 찾아와 기도할 수 있다는 것이 큰 장점이기도 하다. * 대중교통편 : 서울 3호선 전철 홍제역(2번 출구) 앞에서 버스 110, 170, 7018, 7730 을 타고 유원 하나아파트 정류장 - 도보 3분 ■ 정조의 효심이 깊게 담겨있는 화성 용주사          ▲  경건함을 더하는 붉은 홍살문이 서있는 절, 용주사.            ⓒ 김종성           ▲  탑돌이를 하며 소원을 비는 불자들.             ⓒ 김종성  경기도 화성시 송산동에 있는 아담한 화산(華山) 자락에 용주사라는 절이 있다. 용주사는 국보가 여러 개 있는 오래된 절이기도 하지만, 정조의 효심이 깊이 묻어나는 특별한 사찰이기도 하다. 부모와 자식 간의 건강과 복을 빌기 좋은 곳이다. 용주사 누리집에 방문하면 절 소개에 '효행 근본도량 용주사'라고 나와 있을 정도다. 그래서 흔히 효행 사찰이라고 부른단다.경기도 양주 배봉산에 있던 아버지 사도세자의 무덤을 화산 현릉원(현재 융릉)에 옮긴 뒤 아버지 넋을 기리며 무덤을 돌볼 사찰로 용주사를 지었다. 완공 전날 밤 정조는 용이 여의주를 물고 승천하는 꿈을 꾸었다. 잠에서 깬 정조는 아버지 사도세자가 이제야 한을 풀고 승천한 것이라고 믿고 '용주사'란 이름을 직접 지어 내린다. 용주사는 숭유억불 정책을 내세운 조선시대에 오대산 상원사와 함께 명실상부한 왕실의 원찰이라는 성격을 갖고 있다. 조선시대 마지막 원찰인 용주사는 사도세자와 정조대왕의 위패를 모신 능침사찰이다. 능침사찰은 왕과 왕비의 능침을 수호하고 명복을 비는 사찰을 말한다. 그래서 용주사는 보통 절과는 다른 특이한 구조와 유물을 지니게 됐다.왕의 위패를 모신 절이라 그런지 절 입구에 왕릉에나 있는 붉은 색의 홍살문이 서있다. 다른 절엔 없는 '부모은중경탑'도 눈길을 끈다. '부모은중경'은 부모의 소중한 은혜에 대한 부처님의 가르침을 얘기한 경전이다. 이곳엔 2개의 국보가 있는데 가장 중요한 건물인 대웅보전과 고려시대 만든 범종이다.* 대중교통편 : 수도권전철 1호선 병점역 2번 출구 앞에서 34, 34-1, 35-1, 46번 버스를 타고 용주사 하차.   ■ 우리나라 3대 관음성지, 인천시 석모도 보문사          ▲  석모도 낙가산 중턱 눈썹바위에 새겨있는 마애관세음보살상.              ⓒ 김종성           ▲  보문사 마애불 가는 계단길에 보이는 서해바다.             ⓒ 김종성  인천시 강화군 강화도가 품은 동생섬 석모도엔 천년고찰 보문사가 있다. 과거 강화도 외포리에서 배를 타고 들어가야 했던 이 섬은 지난 6월 석모대교가 개통하면서 섬 아닌 섬이 됐다. 낙가산(267m) 중턱에 자리한 보문사는 불교가 성하던 통일신라시대 선덕여왕 치세에 생겨난 오래된 절이다. 눈썹처럼 생긴 바위아래 거대한 화강암 절벽 바위에 새긴 마애관세음보살좌상이 바로 기도명당. 눈썹바위까지 오르는 200여개의 계단은 소원이 이뤄지는 길이다. 계단을 오를수록 바다가 보이는 풍광이 참 좋아 별로 힘든 줄 모르고 오르게 된다. 높이 9.2m, 폭 3.3m 규모의 큰 보살상은 투박하면서도 푸근한 인상이다. 기도를 하는 불자들 뒤로 밀물과 썰물에 따라 여러 얼굴을 한 서해바다가 그림처럼 펼쳐진다. 주문도·볼음도와 멀리 마니산까지 보인다. 보문사가 우리나라의 대표적인 해수관음성지가 된 전망이다. 해질 무렵이라면 멋진 노을이 수면을 붉게 물들이며 드리워진다. 보문사는 남해 보리암, 양양 홍련암, 여수 향일암과 함께 우리나라 4대 해수 관음성지라고 한다. 명성에 걸맞게 '기도발'이 좋은 사찰로 소문나 먼 곳에서도 사람들이 찾아온다. 건강·합격·승진 등 다종다양한 소망이 써 있는 소원지가 붙은 연등이 절 곳곳에 빽빽하게 매달려 있다.  * 대중교통편 : 강화버스터미널 31A, 31B, 38A, 38B번 버스를 타고 보문사 하차.저작권자(c) 오마이뉴스(시민기자), 무단 전재 및 재배포 금지덧붙이는 글 | 제 블로그 (sunnyk21.blog.me)에도 송고했습니다. ☞ [긴급 캠페인] 세월호 마지막 네 가족 스토리... 이들에게 용기를☞ 이 기사 응원! 자발적 유료 구독 [10만인클럽]☞ 모든 시민은 기자다! [오마이뉴스 기사 더보기]☞ 페이지 좋아요! 공식 [페이스북]
	
"
38,2018-01-01 19:53,고령군,"올 초등 2곳·중학 1곳 신설 경남교육청, 2020년 개교","




// flash 오류를 우회하기 위한 함수 추가
function _flash_removeCallback() {}

	
	      경남에 올 해 초등학교 2곳과 중학교 1곳이 오는 2020년 개교 목표로 착공된다.경남도교육청은 최근 열린 교육부 수시2차 중앙투자심사 결과 도교육청이 신청한 학교 3곳 신설이 확정됐다고 1일 밝혔다.학교가 들어설 곳은 창원시 의창구 중동 중동2초교(가칭), 거제시 아주동 용소초교(가칭), 진주시 대곡면 대곡중학교(가칭)다.이들 학교는 대단위 택지조성지역이나 주택개발지역 등지에 위치해 있다. 거제시 용소초교의 경우 평지가 아닌 비탈 지역이라 학생들이 학교로 안전하게 통학할 수 있도록 대책을 마련하는 게 해결과제로 꼽힌다.도교육청은 이번 학교 신설로 기존 학교의 과대·과밀 운영이 해소되고 학생들 교육여건이 개선될 것으로 기대했다. 이들 학교는 2020년 3월 개교할 예정이다. 도교육청은 당초 창원시 진해구 남문지구에도 중학교(웅천중)를 신설해달라고 교육부에 요청했지만 받아들여지지 않았다.손재경 도교육청 학교지원과장은 ""신설 학교에 대한 예산 반영, 설계, 교육부 부대 의견 이행 등 절차를 철저히 준비해 적기에 개교할 수 있도록 하겠다""고 말했다. 백남경 기자 nkback@    
	
"
39,2018-01-01 19:50,고령군,[기초단체장 누가 뛰나-경남] 경남은 '낙동강벨트' 4곳(김해 2곳·양산 1곳·창원 1곳),"




// flash 오류를 우회하기 위한 함수 추가
function _flash_removeCallback() {}

         기초자치단체장 18명을 뽑는 경남지역 선거는 최근 들어 정통 보수 표심에 변화 가능성이 커지면서 어느 때보다 치열한 여야간 격전이 예상된다.박근혜 정부 초반인 2014년 6월 제6회 지방선거에서 당시 경남 새누리당은 도지사를 비롯해 시장·군수와 지방의원까지 대부분 독식했다. 하지만 이후 20대 총선과 지난 대선에서 변화의 흐름이 감지되기 시작했다. 지난해 4월 실시한 20대 총선에서는 낙동강 벨트로 불리는 김해 2곳, 양산 1곳, 창원 1곳 등 4곳에서 당시 야당 국회의원이 당선됐다. 야당 의원이 낙선한 몇 곳에서도 구 여당 후보와 근소한 표 차를 보이며 민심이 요동치고 있음을 보여줬다. 정통 '보수 표심' 변화 조짐 창원시장엔 5개 정당 도전장 김해, 민주당 공천부터 각축 대통령 고향 거제도 관심지 한국당, 서부지역 사수 의지이러한 분위기를 감안해 더불어민주당은 김해와 양산을 비롯한 낙동강 벨트를 중심으로 진보 바람을 도내 전역으로 확산시켜 간다는 전략인 반면 자유한국당은 진주를 중심으로 한 서부지역에서 정통 보수를 사수하겠다는 의지다.지난 5월 9일 치러진 제19대 대선에서 더불어민주당 문재인 후보는 경남 유권자의 36.7%를 득표해 자유한국당 홍준표 후보(37.2%)에 불과 0.5% 포인트 차로 근접했다.먼저 경남의 수부 도시인 창원시가 제일 관심지역이다. 인구 106만 명으로 광역시급이다. 창원시는 경남의 행정 중심지여서 도내 정치풍향계나 마찬가지다. 그래서 창원시장 선거는 여야 모두 경남에서 반드시 이겨야 하는 승부처로 꼽힌다. 민주당에선 이기우 전 부산시 경제부시장, 전수식 전 마산시 부시장, 허성무 전 경남도 정무부지사 등 3명이 지역 곳곳을 누비며 지지세를 넓히고 있다. 한국당에선 안상수 현 창원시장의 재선 도전 의사가 확고한 가운데 강기윤 전 국회의원, 김충관 전 창원시 제2부시장, 장동화 경남도의원, 최형두 전 국회 대변인, 김종양 전 경남경찰청장이 뛴다. 국민의당엔 김하용 창원시의회 의장이 거론된다. 정의당은 노창섭 창원시의원, 여영국 경남도당 위원장 중에서 시장 후보가 결정될 것으로 보인다. 새민중정당은 석영철 경남도당위원장, 손석형 창원시위원회 위원장 등 2명이 출마할 태세다.낙동강벨트인 김해와 양산은 여당 세가 강하게 작용하고 있다. 영남권 유일의 여당 도시인 김해시는 여당 도시라는 지형답게 여권 후보들의 활동이 눈에 띄는 반면 야당은 후보 찾기에 골몰한 모양새다. 여권인 민주당 쪽에서는 현 허성곤 시장의 재선 가도에 지난 보궐선거 당시 허 시장과 공천을 놓고 각축전을 벌였던 공윤권 전 도의원이 출마를 위해 활발한 활동을 하고 있다. 여기에 문재인 대통령 후보 당시 보건복지특보를 지낸 송재욱 씨가 최근 출마를 공식화하고 선거전에 본격 나섰다. 지역 정가에선 허 시장의 재선을 유력하게 보면서도 현재 당내 공천을 놓고 후보들의 선전이 어디까지 미칠지에 관심이 쏠린다. 이에 반해 한국당은 후보난이다. 현재 출마를 준비 중인 후보는 정장수 전 경남도지사 비서실장 정도다. 한국당 홍준표 대표가 경남도지사 시절 비서실장을 한 정 전 실장은 최근 김해에서 출마 기자회견을 갖고 본격 선거전에 뛰어든 상태다. 양산에서도 여당 바람이 거세게 불고 있다. 한국당 나동연 양산시장의 3선 고지 사수에 민주당을 비롯한 진보세력들의 도전이 거세다.또 문재인 대통령의 고향이면서 조선산업의 메카인 거제시도 관심지역이다. 거제시는 역대 지방선거에선 보수당 후보가 절대 강세를 보인 전통적인 보수성향 지역이었지만 주력산업인 조선업 장기 불황에다 구 여권에 대한 불만이 누적되면서 최근 정치 지형 변화가 뚜렷하다. 이처럼 동부와 도시지역에서 민주당이 선전하는 반면, 한국당은 진주시를 비롯한 서부지역과 창녕군, 의령군, 밀양시 등 농촌지역은 아직도 텃밭이라는 인식을 갖고 있다.진주시민들이 민선 이후 한 번도 3선을 허락하지 않았다는 점에서 한국당 이창희 현 시장이 3선 벽을 넘을 수 있을지가 관전 포인트다. 특히 전통적 보수성향의 서부경남지역 선거판에 변혁을 촉발하기 위해 여당이 진주시장 후보에 상당한 폭발력을 가진 경쟁력 있는 거물 인사를 공천할 것으로 지역민들은 예상한다. 한경호 현 경남도지사 권한대행을 비롯한 고위 공직자의 여당후보 차출설 등이 꾸준히 여전히 나돌고 있는 이유다. 이럴 경우 자유한국당 공천 후보와 예전에 볼 수 없던 치열한 한판 승부도 벌일 수 있다는 예측도 나온다. 강갑중 현 시의원은 무소속 후보로 나설 전망이다.정태백·김태권·이선규·이성훈·백남경 기자 nkback@busan.com    
	
"
40,2018-01-01 12:40,고령군,휴대폰에 담긴 새해 첫 일출,"




// flash 오류를 우회하기 위한 함수 추가
function _flash_removeCallback() {}

[사진] 거창 건흥산 전망대 ... 시민들 휴대전화에 담기도[오마이뉴스 윤성효 기자]        ▲  거창 건흥산 일출.            ⓒ 거창군청 김정중  경남 거창군 거창읍 원상동에 있는 건흥산(해발 563m) 전망대에서 1일 오전 2018년 첫해가 힘차게 떠오르고 있다. 시민들이 새해 첫 일출을 휴대전화에 담으며 소망을 빌기도 했다.         ▲  거창 건흥산 일출.            ⓒ 거창군청 김정중           ▲  거창 건흥선 일출.            ⓒ 거창군청 김정중           ▲  거창 건흥산 일출.            ⓒ 거창군청 김정중  저작권자(c) 오마이뉴스(시민기자), 무단 전재 및 재배포 금지☞ [긴급 캠페인] 세월호 마지막 네 가족 스토리... 이들에게 용기를☞ 이 기사 응원! 자발적 유료 구독 [10만인클럽]☞ 모든 시민은 기자다! [오마이뉴스 기사 더보기]☞ 페이지 좋아요! 공식 [페이스북]
	
"
41,2018-01-01 19:32,고령군,동남권 가뭄 극심… 식수원 ‘비상’,"




// flash 오류를 우회하기 위한 함수 추가
function _flash_removeCallback() {}

메마른 겨울 3개월째 지속 / 경주 지역 강우량 평년 20% 그쳐 / 경북 운문댐 역사상 최저 저수율 / 농업용수 부족 우려… 화재 걱정도 / 지자체들, 취수시설 확충 등 총력울산과 경북 경주·청도 등 동남권지역의 겨울 가뭄이 지속하면서 내년 봄 농업용수와 식수원 확보에 비상이 걸렸다.1일 경주시에 따르면 지난해 10월부터 현재까지 3개월간 지역에 내린 강우량은 15.4㎜이다. 평년의 82.2㎜에 비해 턱없이 낮은 수준이다. 경주지역 저수율도 48%로 평년의 80.9%에 훨씬 못 미치자 경주시는 저수지 물채우기 등 농업용수 확보를 위해 안간힘을 쏟고 있다.겨울 가뭄에 저수율이 30%대로 떨어진 경주 보문저수지. 경주=연합뉴스경주의 식수원인 덕동댐의 저수율은 현재 44.5%로 평년의 78.1%에 비해 극히 적은 데다 하루 0.1%씩 줄고 있다. 농업용수를 공급하는 대형저수지의 저수율도 보문저수지 36.2%, 심곡저수지 30.2%, 하곡저수지 42.9%, 박달저수지 34.2%, 남사저수지 36.6% 등 대부분 30~40%에 머물고 있다. 시는 겨울 가뭄 상황을 극복하기 위해 부서별로 대응책을 마련해 시행 중이다. 시는 식수공급을 위해 보문 보조취수장에 형산강 하천수를 1일 1만5000t씩 비상 공급하고 탑동 보조취수장을 가동하고 있다.또 한국수자원공사의 광역상수원 공급량을 1일 1만5000t씩 추가로 공급받고 급수구역을 개편했다. 전 시민을 대상으로 물 절약 운동을 전개해 적극적인 동참도 호소하고 있다. 이와 함께 경주시 441개 저수지의 농업용수 확보를 위해 저수지 물채우기를 시행하고 있다.경북 경산·영천·청도와 대구 동구·수성구 주민 식수원인 청도 운문댐도 겨울 가뭄으로 1996년 준공 이래 가장 낮은 저수율을 기록하고 있다. 현재 저수율이 11.8%로 지난해 같은 기간 62%의 5분의 1이다.이대로라면 내년 봄까지 청도와 영천에 공급할 물밖에 확보할 수 없다. 대구시는 동·수성구 수돗물 공급이 어려울 것으로 보고 금호강 물 비상공급시설 공사에 들어갔다. 경산시는 취수시설을 확충해 금호강 물을 대체 공급하기로 했다.울산에서도 겨울 가뭄이 계속되고 있다. 식수공급은 물론 산불 예방에 비상이 걸렸다. 지난해 여름부터 시작된 가뭄은 겨울 가뭄으로 이어져 댐과 저수지는 바닥을 드러내고 있다.식수 부족으로 올해 낙동강으로부터 용수 공급만 5000만t으로, 비용만 예년의 4배가 넘는 200억원에 달한다. 울산지역의 지난 두달간 강수량은 12.7㎜에 불과해 평년 강수량의 20%도 안 된다.비다운 비가 내리지 않으면서 최근 매일 건조특보가 발효되고, 산림이 바짝 말라 산불이 나면 대형화재로 이어질 가능성이 크다.경주·울산=장영태 기자 3678jyt@segye.comⓒ 세상을 보는 눈, 글로벌 미디어 세계일보

"
42,2018-01-01 15:33,고령군,"[경북의 미래, 강소도시]4차산업혁명 선도도시 경산","




// flash 오류를 우회하기 위한 함수 추가
function _flash_removeCallback() {}

	
	[편집자주] 인공지능(AI), 빅데이터, 사물인터넷(IoT) 등 4차 산업혁명은 거스를 수 없는 시대의 물결로 제조업 등 기존 산업구조의 대변혁을 예고하고 있다. 기업 뿐 아니라 지방자치단체들도 앞다퉈 이같은 새 시대에 맞게 체질을 바꾸고 있다. 새 시대를 준비하는 경북지역 지자체들의 정책을 살펴본다.최영조 경산시장이 지역 우수기업 현장을 둘러보고 있다. (경북 경산시 제공)/뉴스1© News1① 4차산업혁명 대비 지역산업 체질 바꾼다(경산=뉴스1) 정지훈 기자 = ""작은 도시에 12개 대학, 12만여명의 대학생이 있고 기업들이 있다. 이를 최대한 활용하고 국제적인 흐름에 맞춰 달려야 경쟁력을 가질 수 있다""2018년 새해를 맞은 최영조 경산시장은 1일 ""4차 산업혁명 중심도시 건설을 오랜 시간 준비해온 만큼 자신이 있다""고 말했다.경산시는 '4차 산업혁명 선도도시' 사업을 본격화하고 있다.국내 최대 대추 생산지에서 산업도시로 발돋움 한 경북 경산시의 산업단지 모습.(경북 경산시 제공)/뉴스1 © News1◇지역 발전 10대 전략 중 절반 이상 신산업 대비경산시가 추진 중인 발전 10대 전략은 Δ4차 혁명 선도도시 Δ청색기술 중심도시 Δ美-뷰티 도시 Δ휴먼의료도시 Δ청년희망도시 Δ착한나눔도시 Δ행복건강도시 Δ창의문화도시 Δ중소기업 경제특별시 Δ스마트 농업도시다.절반 이상의 전략이 4차 산업혁명에 대비해 세운 정책이다.최 시장은 ""다보스포럼이라던지 국제적인 행사에 대한 자료를 모아 살펴봤다. 4차 산업혁명이 시작되면 중앙에서 광역단체, 광역단체에서 기초단체를 거칠 것이다. 그러나 언제까지 기다리고 있을 수 없다는 생각이 들었다""고 말했다.경산시는 지역 기반 산업이 신산업 시대에 맞게 변화할 수 있도록 지원하고 산업체질을 근본적으로 바꿔나가겠다는 전략이다.경산지역은 12개 대학이 있는 '대학도시'이면서 자동차부품, 기계금속 등 3000여개 기업이 있는 '산업도시'이기도 하다.최 시장은 ""경산지역의 산업 중 자동차부품과 기계금속이 차지하는 비중이 50%를 넘는다""며 ""미래 경산의 모습은 이런 기업들이 4차 산업혁명에 맞춰 인공지능 활용과 스마트팩토리 등 앞서 나가는 것이다""고 강조했다.이어 ""예컨데 자동차산업은 앞으로 전기자동차나 무인자동차 시대를 예고하고 있는데 앞서 준비해야 한다. (시가) 기업을 지원하고 시너지 효과를 내서 (입주를) 원하는 기업이 찾아 오도록 할 것""이라며 자신감을 보였다.지역 발전전략 추진을 위해 수년간 준비해온 정책들도 올해부터 본격화하면서 실현을 앞두고 있다.4차 혁명 연구집적단지, 첨단소재 제조기반의 '팩토리(Factory) 2050', 탄소복합설계해석 지원센터, 디지털게임산업 프로젝트, 성형가공기술센터 화장품특화단지, 경북재활병원 등 신산업 발전을 위한 10여개의 주요 과제가 예산을 확보해 실행에 들어간다.이밖에 글로벌코스메틱 비즈니스센터, 화장품 임상검증센터, K뷰티 융복합캠퍼스 등 뷰티산업 관련도 실행을 앞두거나 구체화 단계로 들어섰다.오세근 경산시 전략사업추진단장은 ""전략사업단은 10대 발전전략 중 5가지를 담당하고 있다. 내용은 다르지만 5개팀이 함께 가야 하고, 4차 산업 중심도시의 역할을 할 수 있도록 본격적으로 움직일 것""이라고 했다.그러면서 ""확고한 의지와 비전이 있다. 지역에 소재한 연구기관과 대학들도 시의 정책과 함께 하고 적극 협조하는 분위기""라며 ""경북도에서도 긍정적으로 검토하고 있다. 쉬운 일만 있는 것은 아니지만 계속 설득하면서 하나씩 해결해 갈 것""이라고 덧붙였다.경북도와 경산시, 영국 ARMC 관계자 등이 AMRC ASIA센터 설립 MOA 및 4차산업혁명 대응 컨퍼런스를 하고 있다. (경북 경산시 제공)/뉴스1© News1◇인구·대학·연구기관 바탕…국내외 우수기업·기관 유치 순조경산지역은 도시발전 척도의 하나인 인구 증가세가 두드러져 지역 발전에 대한 기대감을 더하고 있다.지난해 10월 기준 26만8600명으로 인구 수에서는 경주를 앞지르면서 포항, 구미에 이은 경북 23개 시·군 중 세번째다.경산시에 따르면 최근 10년 동안 경북지역 중 3% 이상 인구가 늘어난 곳은 경산을 비롯해 구미, 칠곡, 김천 4곳 뿐이며, 이 중 경산은 9.5%의 높은 인구 증가율을 보이고 있다.인구 증가와 함께 665만㎡ 규모의 경제자유구역과 산업단지가 추가로 개발되는 등 1021만㎡ 규모의 산업단지가 조성될 예정이다.12개 대학의 풍부한 청년 인재와 경북테크노파크, 경북IT융합산업기술원 등 분야별 연구·지원기관, 3000여개 기업은 4차산업 선도도시를 이끌 가장 주요 자산이다.여기에 국내·외 우수 기관과 기업 유치에 성공하며 경산시의 발전 계획이 탄력을 받고 있다.경산시는 지난해 10월 영국의 세계적인 항공·복합재 연구기관인 영국AMRC(첨단제조기술연구원)와 'AMRC 아시아 인더스트리4.0(AMRC ASIA Industry4.0)센터 설립과 첨단소재 제조기반사업을 위한 팩토리(Factory,)2050사업 공동협력추진 협정'을 체결했다.영국 셰필드에 위치한 AMRC그룹은 13개 기관에 650여명의 연구 인력과 기술자가 우주항공, 자동차, 신소재, 에너지 등 고부가가치 첨단제조기술 개발과 전문인력 양성사업에 종사하고 있다.또 보잉, 에어버스, 롤스로이스 등 글로벌 대기업과 100여개의 지역 회원사에 첨단 기술개발 지원과 공정프로세스 개선, 글로벌 네트워킹을 지원하고 있다.AMRC 아시아 Industry4.0(인더스트리 4.0)센터는 경량복합재 등 첨단 신소재 분야를 중심으로 기술 개발과 지원, Factory2050추진을 통한 첨단제조공정기술 지원, 세계적인 기업과 국내 중소기업의 협력 네트워크를 구축하게 된다.최 시장은 ""5년 전과 지금의 모습을 비교하면 직원들 뿐 아니라 시민들도 자신감을 가진 것 같다. 직원들끼리 단합도 잘 돼서 분위기가 굉장히 좋다""며 ""이런 자신감으로 미래를 준비하는 도시를 만들어 갈 것""이라고 말했다.daegurain@▶ '평창2018' 관련 뉴스·포토 보기▶ 네이버메인에 ‘뉴스1채널’ 설정하기!▶ 여러분의 제보를 기다립니다.제보하기![© 뉴스1코리아(news1.kr), 무단 전재 및 재배포 금지]

"
43,2018-01-01 22:15,고령군,"지진 상처 털고 맞는 희망의 새해...""안전한 한 해 되기를""","



동영상 뉴스




// flash 오류를 우회하기 위한 함수 추가
function _flash_removeCallback() {}

	
	[앵커]지진의 상처가 아물지 않은 경북 포항과 경주에도 예외 없이 희망찬 새해, 새 아침이 밝았습니다.경주에서는 신라 대종의 웅장한 종소리가 2018년의 시작을 알렸고, 포항에서는 장엄한 첫 태양이 시름에 젖은 포항 땅을 비췄습니다.이윤재 기자의 보도입니다.[기자]수평선 너머로 하늘이 붉게 달아오릅니다.매서운 바닷바람 속에서도 2018년의 첫 번째 해를 기다리는 사람들의 얼굴에는 기대와 설렘이 가득합니다.구름 위로 빨간 해가 고운 얼굴을 내밀자, 오랜 기다림은 커다란 환호성으로 바뀝니다.평창올림픽으로 향하는 성화도 함께 눈 부신 태양을 반겼습니다.[성미희 / 경기도 광주시 : 지난 한 해 너무 어렵고 마음고생도 많이 했는데요. 이번 2018년에는 떠오르는 새해처럼 모두 건강하고 행복했으면 좋겠습니다.] 특히 지난해 포항은 지진 충격으로 아픔을 겪었던 만큼 안전한 한 해가 되기를 바라는 마음이 컸습니다.[이강덕 / 경북 포항시장 : 작년 한 해 포항에 지진이 발생하고, 경제적으로 어려움이 많았습니다. 우리 포항이 전 국민의 성원에 힘입어서 다시 도약하는 그런 해가 되기를 바랍니다.]무겁고 웅장한 종소리가 대지를 울립니다.끊어질 듯 이어지는 종소리에 새해 염원을 간절히 담아봅니다.[이성화 / 경북 경주시 : 무조건 건강하고 그다음에 조금 더 경제적으로 나은 삶을 살기를 원하고…. 작년 재작년 경주가 너무 많은 고생을 했거든요. 경주가 좀 더 살아났으면 하는 그런 마음이 가득합니다.]경주에 울려 퍼진 종소리의 주인공은 바로 신라 대종.균열 우려 때문에 지난 2003년 타종을 멈춘 국보 29호 성덕대왕 신종을 그대로 본떠 만든 종입니다.에밀레종으로 잘 알려진 성덕대왕 신종과 크기와 모양이 같고, 소리의 원형까지 복원해 오랫동안 여운이 남는 종소리를 가졌습니다.[최양식 / 경북 경주시장 : 성덕대왕 신종을 현대적 기술로 그대로 재현한 종입니다. 모든 시민과 방문객들이 함께한 자리에서 울리게 돼 매우 기쁘게 생각합니다.]지진의 아픔을 겪은 포항과 경주, 장엄한 일출과 웅장한 종소리에 담긴 염원은 그 어느 때보다 간절했습니다.YTN 이윤재[lyj1025@ytn.co.kr]입니다.▶2018년 나의 신년 운세 보기▶동영상 뉴스 모아보기 ▶YTN과 친구가 되어주세요[저작권자(c) YTN & YTN PLUS 무단전재 및 재배포 금지]
	
"
44,2018-01-01 20:23,고령군,"[더깊은뉴스]“법 지키면 2천만 원, 과태료는 2백만 원”","




// flash 오류를 우회하기 위한 함수 추가
function _flash_removeCallback() {}

 29명이 숨진 제천 화재에서 놀라운 것은 목숨이 오갈 수 있는 소방점검인데, 너무 허술하게 한다는 점이었지요.   헛점 투성이인 소방 점검의 현실을 박건영 기자가 집중 취재했습니다.  [리포트]  화마가 할퀴고 간 충북 제천의 스포츠 센터.   29명의 목숨을 앗아간 참사가 나기 불과 3주 전 이 센터는 소방 안전 점검을 받았습니다.   무려 67개의 지적 사항이 나왔습니다.   하지만 2년 전 점검에서는 단 2곳, 3년 전에는 지적 사항이 하나도 없었습니다.   이 점검들을 담당했던 사람은 바로 전 건물주의 아들.   현행법에서 모든 건물은 규모와 용도에 따라 등급이 나뉩니다.   2등급을 받은 이 건물은 민간 소방 점검업체나 소방 안전 관리자 자격증을 가진 개인이 소방 점검을 할 수 있습니다.   자격만 갖추면 건물주 본인이나 가족이 소방안전점검을 해도 문제가 없는 상황.   본인이 본인을 감시하는 시스템에서 제대로 된 점검이 이뤄질 리 없습니다.   8년 째 아버지 소유의 건물 소방점검을 맡고 있는 A씨.   [A씨 / 건물주 아들]  ""제가 이 건물의 방화관리자로 (있어서)… 2009년 선임해서 지금까지 약 8년 정도 (소방 점검을 했습니다).""   취재진이 방문하기 사흘 전에 끝난 소방 점검 결과는 모두 '이상 없음'으로 돼 있습니다.   [A씨 / 건물주 아들]  ""(12월) 26일 날 했어요.""   정말 아무 문제가 없는 걸까.   사무실에 들어가 보니 당연히 있어야 할 소화기가 보이지 않습니다.   [현장음]  ""(소화기는 혹시 어딨어요?) 소화기? 소화기는 모르겠는데… 저 밑에 있지 않아?""   '소화기가 이상 없이 작동된다'는 점검 결과는 사실과 달랐습니다.   [현장음]  ""제가 왔다 갔다 하니까 당연히 있을 거라고 생각했는데…""   그럼 민간 소방 점검업체가 맡으면 꼼꼼한 점검이 가능할까.   이 인천 계양구의 6층 건물은 두 달 전 한 민간업체가 소방 점검 보고서를 작성했습니다.   찜질방과 목욕탕이 있는 5층.   비상구 유도등 불량 등 네 가지 사항이 지적됐습니다.   점검이 제대로 이뤄졌는지 알아보기 위해, 관할 소방서의 특별 조사에 동행했습니다.   여자 목욕탕에 들어서니, 비상구 표시등 불이 들어오지 않습니다.   점검표에는 아예 없던 사항입니다.   [현장음]  ""(이건 안 켜지는 건가요?) 켜져야 해요. 이거 바꾸셔야 해요.""   민간 소방점검 업체는 왜 이 뻔한 사실을 지적하지 않았을까.   [현장음]  ""(혹시 여탕도 (점검) 했나요? (점검할 때) 여기 여성 이름이 없는데.) 못 들어가지 남자는. 남자는 못 들어가.""   여자 목욕탕이 소방 점검에서 아예 빠진 건 아닐까.   해당 민간업체는 취재진과의 접촉을 한사코 피했습니다.   [해당 민간소방점검업체 관계자]  ""저희도 잘 모르겠어요. 연락도 안 되셔서….""   기자가 만난 현직 소방 시설 관리사는 부실 점검이 이뤄질 수밖에 없는 '구조적 문제'를 고백했습니다.   현재 전국에는 9백 개가 넘는 민간 점검업체들이 난립하고 있습니다.   건물주는 이들 가운데 맘대로 고른 업체에 점검 비용을 지불하는 '슈퍼 갑'입니다.   업체는 건물주의 부당한 요구에도 응할 수 밖에 없는 '을'의 입장.   [소방시설관리사 B씨]  '너 아니면 업체가 없어? 이 업체 되게 빡빡하네. 안 되겠네. 업체 바꿔야겠네.' 이렇게 얘기해요. 문제는 매년 하는 거잖아요.  사업을 유지해야 하지 않습니까. 100% 거절을 못 해요.“   허위 보고가 적발돼도, 처벌은 최대 2백만 원의 과태료가 전부.   [소방시설관리사 B씨]  ""고치는데 2천만 원 들어가. 과태료 200만 원 내지 뭐. 200만 원이 더 싸잖아요. 안 걸리고 넘어가면 다행이니까.“   2014년 경기도의 특별 점검에서 민간업체가 소방 점검을 한 건물 3채 중 2채 이상에서 불량 소방 시설이 적발됐습니다.   빡빡한 격무에 시달리는 소방관에게 점검 업무를 전부 맡기는 것도 현실적으로 불가능한 상황.   전문가들은 민간 점검업체가 점검 결과를 건물주에게 직접 통보하지 않는 대안을 제시합니다.   [최돈묵 / 가천대 소방공학과 교수]  ""(민간점검업체가) 건물주한테 확인하지 말고 곧바로 소방서에 점검결과를 가감 없이 다 주고 소방서에서 행정명령으로 수리보수 명령을 내리는 게…""   셀프 감시에, '맞춤형 보고서'로 얼룩진 현행 소방 점검 체계가 개선되지 않으면, 제2, 제3의 제천 참사는 언제든 재발할 수 있습니다.   채널A 뉴스 박건영입니다.   change@donga.com   연출 이민경  글·구성 지한결 이소연  그래픽 김승훈 김민수꿈을 담는 캔버스 채널A  ⓒCHANNEL A(www.ichannela.com), 무단 전재 및 재배포 금지
	
"
45,2018-01-01 19:31,고령군,"고령군보건소, 지난해 경북 보건사업 평가 6관왕 ‘상복’","




// flash 오류를 우회하기 위한 함수 추가
function _flash_removeCallback() {}

고령군보건소(소장 김곤수`가운데)는 건강 백세, 정신질환 인식 개선 등 생명존중 문화 조성에 힘쓴 공로로 2년 연속 ‘경북도 정신건강증진사업 발전대회’에서 최우수상을 받았다.       고령군 제공[고령 이영욱 기자 hello@msnet.co.kr]  마음 건강 백세 사업`자살 고위험군 발굴 등 이바지영`유아 아토피 예방 인형극 등 공연 우수사례 지정“별이 여섯 개!”고령군보건소(소장 김곤수)가 지난 한 해 동안 경상북도 보건사업 평가에서 ‘6관왕’에 올랐다. 고령보건소는 지난달 28일 포항에서 열린 ‘2017년 정신건강증진사업 발전대회’에서 최우수상을 받아 이 분야에서 2년 연속 수상했다. 고령군은 기초정신복지센터가 설치되지 않은 열악한 환경에서도 마음 건강 백세 사업, 자살 고위험군 발굴, 정신질환 인식 개선 사업 등을 적극적으로 추진하는 등 생명존중 문화 조성에 이바지한 부분이 좋은 평가를 받았다. 앞서 지난달 22일에는 ‘아토피`천식 예방관리사업 평가’에서 역시 최우수상을 받았다. 영`유아들의 아토피 예방`관리를 위해 어린이집 16곳과 초등학교 2곳을 안심기관으로 선정해 알레르기 질환이 있는지 조사하고, 아토피 예방 인형극을 공연한 것 등이 우수사례로 선정돼 높은 점수를 얻었다.또 지난달 19일 ‘경북도 치매극복관리사업 평가대회’에서는 최우수기관상을 받았다. 16곳의 우리 마을 예쁜 치매 쉼터를 통해 재가 치매환자와 치매 고위험군 인지 저하자를 대상으로 미술`감각`회상`음악`운동 프로그램을 운영, 치매 예방과 살기 좋은 마을을 만든 것이 심사위원의 눈길을 잡았다.이 밖에도 경북도 311개 보건진료소가 참여한 운영성과대회에서 ‘구구팔팔’(9988) 특공대의 우수활동 사례로 우수상을, 건강새마을조성사업 평가대회 우수상, 2017년 경북도 저출산 극복사업 평가에서 장려상을 받는 등 남녀노소 전 의료 영역에서 높은 성적을 거뒀다. 곽용환 고령군수는 “농가 소득 증대, 기업을 경영하기 좋은 도시, 안전하고 건강한 고령 만들기 등 행정의 모든 목표는 군민 삶의 질 향상에 맞춰져 있다. 지난해를 발판으로 올해는 군민이 더 행복하고 잘 사는 한 해가 되도록 노력하겠다”고 했다. ⓒ매일신문 - www.imaeil.com
	
"
46,2018-01-01 18:13,고령군,"고령 대가야체험축제, 11년 연속 문화관광 축제 선정","




// flash 오류를 우회하기 위한 함수 추가
function _flash_removeCallback() {}

경북 고령군은 대가야체험축제가 11년 연속 '대한민국 문화관광 축제'에 선정됐다고 1일 밝혔다. 사진은 지난해 축제 때 어린이들이 활 만들기 체험을 하고 있다. 경북 고령군은 대가야체험축제가 11년 연속 ‘대한민국 문화관광 축제’에 선정됐다고 1일 밝혔다. 사진은 지난해 축제 때 어린이들이 활 만들기 체험을 하고 있다. 뉴시스[카카오 친구맺기] [페이스북][취재대행소 왱!(클릭)]GoodNews paper ⓒ 국민일보(www.kmib.co.kr), 무단전재 및 재배포금지

"
47,2018-01-01 15:58,고령군,"고령 대가야체험축제, 11년 연속 문화관광 축제 선정","




// flash 오류를 우회하기 위한 함수 추가
function _flash_removeCallback() {}

【고령=뉴시스】박홍식 기자 = 경북 고령군은 대가야체험축제가 11년 연속 '대한민국 문화관광 축제'에 선정됐다고 1일 밝혔다. 사진은 지난해 축제 때 어린이들이 활 만들기 체험을 하고 있다. 2018.01.01 (사진=고령군 제공) photo@newsis.com[사진 영상 제보받습니다] 공감언론 뉴시스가 독자 여러분의 소중한 제보를 기다립니다. 뉴스 가치나 화제성이 있다고 판단되는 사진 또는 영상을 뉴시스 사진영상부(n-photo@newsis.com, 02-721-7470)로 보내주시면 적극 반영하겠습니다.<저작권자ⓒ 공감언론 뉴시스통신사. 무단전재-재배포 금지.>

"
48,2018-01-01 15:58,고령군,"고령 대가야체험축제,  2018 문체부 '우수축제' 선정","




// flash 오류를 우회하기 위한 함수 추가
function _flash_removeCallback() {}

【고령=뉴시스】박홍식 기자 = 경북 고령군은 대가야체험축제가 11년 연속 '대한민국 문화관광 축제'에 선정됐다고 1일 밝혔다. 사진은 지난해 축제 때 어린이들이 활 만들기 체험을 하고 있다. 2018.01.01 (사진=고령군 제공) photo@newsis.com【고령=뉴시스】박홍식 기자 = 경북 고령 대가야체험축제가 11년 연속 '대한민국 문화관광 축제'에 선정됐다. 1일 고령군에 따르면 대가야체험축제가 기존 '유망 축제'에서 '우수 축제'로 승격되면서 11년 연속 문화체육관광부의 우수 축제에 뽑혔다. 대가야 소재의 주민참여 퍼레이드, 독특한 프로그램 운영 등에서 높은 점수를 받았다. 축제장 공간 확장 측면에서의 발전 가능성, 특이성과 정체성 등에서도 긍정적 평가를 받았다. 문화체육관광부는 국내 1500여개 축제 중 대표축제 3, 최우수축제 7, 우수축제 10, 유망축제 21개, 육성축제 40개 등 총 81개 축제를 '2018 문화관광축제'로 선정했다. 고령군은 이번 우수축제 선정을 통해 문화체육관광부로부터 관광진흥기금 1억 1000만원, 도비 1억 1000만원 등 2억 2000만원을 지원 받는다. 한국관광공사를 통해 축제컨설팅, 해외 홍보·마케팅 지원 등 관광상품 경쟁력이 지속적으로 강화될 것으로 보인다.    '2018 대가야체험축제'는 '신 4국의 개벽'이라는 주제로 ‘가야’라는 공통 문화를 바탕으로 영·호남이 대통합하는 축제로 기획된다. 곽용환 고령군수는 ""오는 4월 개최 예정인 대가야체험축제는 주민주도형, 관객참여형, 역사교육형, 세대통합형 축제에 재미와 감동을 주는 축제로 기획될 것""이라며 ""이를 토대로 2019년에는 대한민국 최우수 축제로 도약하기 위해 군민과 함께 전력을 기울이겠다""고 말했다. phs6431@newsis.com▶ 뉴시스 빅데이터 MSI 주가시세표 바로가기 ▶ 네이버 채널에서 뉴시스를 구독해주세요<저작권자ⓒ 공감언론 뉴시스통신사. 무단전재-재배포 금지.>

"
